Periodo,CodDepto,NombreDepto,mpio_cdpmp,NombreEntidad,C1,Valor_25
2012,76000,Valle Del Cauca,76000,Valle Del Cauca,AHORRO,130805259275.3901
2012,76000,Valle Del Cauca,76000,Valle Del Cauca,INVERSIÓN,235158712151.06155
2012,76000,Valle Del Cauca,76000,Valle Del Cauca,OTROS,0.0
2012,76000,Valle Del Cauca,76001,Cali,AHORRO,2528132907.385649
2012,76000,Valle Del Cauca,76001,Cali,INVERSIÓN,196442801.50654945
2012,76000,Valle Del Cauca,76001,Cali,OTROS,0.0
2012,76000,Valle Del Cauca,76020,Alcalá,AHORRO,630085908.9641085
2012,76000,Valle Del Cauca,76020,Alcalá,INVERSIÓN,1051604135.910022
2012,76000,Valle Del Cauca,76020,Alcalá,OTROS,0.0
2012,76000,Valle Del Cauca,76036,Andalucía,AHORRO,494375235.8738644
2012,76000,Valle Del Cauca,76036,Andalucía,INVERSIÓN,860362706.6327796
2012,76000,Valle Del Cauca,76036,Andalucía,OTROS,0.0
2012,76000,Valle Del Cauca,76041,Ansermanuevo,AHORRO,703807401.2582527
2012,76000,Valle Del Cauca,76041,Ansermanuevo,INVERSIÓN,1128249708.0688891
2012,76000,Valle Del Cauca,76041,Ansermanuevo,OTROS,0.0
2012,76000,Valle Del Cauca,76054,Argelia,AHORRO,438508325.427664
2012,76000,Valle Del Cauca,76054,Argelia,INVERSIÓN,567297049.5576711
2012,76000,Valle Del Cauca,76054,Argelia,OTROS,0.0
2012,76000,Valle Del Cauca,76100,Bolívar,AHORRO,604562793.8059068
2012,76000,Valle Del Cauca,76100,Bolívar,INVERSIÓN,906698551.2703958
2012,76000,Valle Del Cauca,76100,Bolívar,OTROS,0.0
2012,76000,Valle Del Cauca,76109,Buenaventura,AHORRO,2493464618.0356016
2012,76000,Valle Del Cauca,76109,Buenaventura,INVERSIÓN,27284556940.547485
2012,76000,Valle Del Cauca,76109,Buenaventura,OTROS,0.0
2012,76000,Valle Del Cauca,76111,Guadalajara de Buga,AHORRO,788184396.1547333
2012,76000,Valle Del Cauca,76111,Guadalajara de Buga,INVERSIÓN,7941700.956614455
2012,76000,Valle Del Cauca,76111,Guadalajara de Buga,OTROS,0.0
2012,76000,Valle Del Cauca,76113,Bugalagrande,AHORRO,578261128.3984255
2012,76000,Valle Del Cauca,76113,Bugalagrande,INVERSIÓN,1012678652.5495266
2012,76000,Valle Del Cauca,76113,Bugalagrande,OTROS,0.0
2012,76000,Valle Del Cauca,76122,Caicedonia,AHORRO,557879777.406341
2012,76000,Valle Del Cauca,76122,Caicedonia,INVERSIÓN,1109561764.79116
2012,76000,Valle Del Cauca,76122,Caicedonia,OTROS,0.0
2012,76000,Valle Del Cauca,76126,Calima,AHORRO,479213319.369697
2012,76000,Valle Del Cauca,76126,Calima,INVERSIÓN,806496109.6802347
2012,76000,Valle Del Cauca,76126,Calima,OTROS,0.0
2012,76000,Valle Del Cauca,76130,Candelaria,AHORRO,771900888.255493
2012,76000,Valle Del Cauca,76130,Candelaria,INVERSIÓN,73575.96162208533
2012,76000,Valle Del Cauca,76130,Candelaria,OTROS,0.0
2012,76000,Valle Del Cauca,76147,Cartago,AHORRO,992124498.8416668
2012,76000,Valle Del Cauca,76147,Cartago,INVERSIÓN,5447.745310592492
2012,76000,Valle Del Cauca,76147,Cartago,OTROS,0.0
2012,76000,Valle Del Cauca,76233,Dagua,AHORRO,784967942.8909602
2012,76000,Valle Del Cauca,76233,Dagua,INVERSIÓN,1479012456.5329072
2012,76000,Valle Del Cauca,76233,Dagua,OTROS,0.0
2012,76000,Valle Del Cauca,76243,El Águila,AHORRO,513630180.5926367
2012,76000,Valle Del Cauca,76243,El Águila,INVERSIÓN,749239552.0253507
2012,76000,Valle Del Cauca,76243,El Águila,OTROS,0.0
2012,76000,Valle Del Cauca,76246,El Cairo,AHORRO,513956713.2882934
2012,76000,Valle Del Cauca,76246,El Cairo,INVERSIÓN,721884944.3885276
2012,76000,Valle Del Cauca,76246,El Cairo,OTROS,0.0
2012,76000,Valle Del Cauca,76248,El Cerrito,AHORRO,789887339.5247232
2012,76000,Valle Del Cauca,76248,El Cerrito,INVERSIÓN,1726308037.9435573
2012,76000,Valle Del Cauca,76248,El Cerrito,OTROS,0.0
2012,76000,Valle Del Cauca,76250,El Dovio,AHORRO,434844128.0167562
2012,76000,Valle Del Cauca,76250,El Dovio,INVERSIÓN,623489949.3934095
2012,76000,Valle Del Cauca,76250,El Dovio,OTROS,0.0
2012,76000,Valle Del Cauca,76275,Florida,AHORRO,867589972.866072
2012,76000,Valle Del Cauca,76275,Florida,INVERSIÓN,1847181675.7611089
2012,76000,Valle Del Cauca,76275,Florida,OTROS,0.0
2012,76000,Valle Del Cauca,76306,Ginebra,AHORRO,516050933.062586
2012,76000,Valle Del Cauca,76306,Ginebra,INVERSIÓN,934263000.8604603
2012,76000,Valle Del Cauca,76306,Ginebra,OTROS,0.0
2012,76000,Valle Del Cauca,76318,Guacarí,AHORRO,696540195.3411447
2012,76000,Valle Del Cauca,76318,Guacarí,INVERSIÓN,1335048105.393522
2012,76000,Valle Del Cauca,76318,Guacarí,OTROS,0.0
2012,76000,Valle Del Cauca,76364,Jamundí,AHORRO,933364985.6864084
2012,76000,Valle Del Cauca,76364,Jamundí,INVERSIÓN,2429684976.0745063
2012,76000,Valle Del Cauca,76364,Jamundí,OTROS,0.0
2012,76000,Valle Del Cauca,76377,La Cumbre,AHORRO,467114551.9886639
2012,76000,Valle Del Cauca,76377,La Cumbre,INVERSIÓN,712468029.2799137
2012,76000,Valle Del Cauca,76377,La Cumbre,OTROS,0.0
2012,76000,Valle Del Cauca,76400,La Unión,AHORRO,651992137.9161136
2012,76000,Valle Del Cauca,76400,La Unión,INVERSIÓN,1304317055.4602582
2012,76000,Valle Del Cauca,76400,La Unión,OTROS,0.0
2012,76000,Valle Del Cauca,76403,La Victoria,AHORRO,446159060.6594056
2012,76000,Valle Del Cauca,76403,La Victoria,INVERSIÓN,731833652.0891113
2012,76000,Valle Del Cauca,76403,La Victoria,OTROS,0.0
2012,76000,Valle Del Cauca,76497,Obando,AHORRO,621254095.0985326
2012,76000,Valle Del Cauca,76497,Obando,INVERSIÓN,939871516.0400294
2012,76000,Valle Del Cauca,76497,Obando,OTROS,0.0
2012,76000,Valle Del Cauca,76520,Palmira,AHORRO,1221458097.491698
2012,76000,Valle Del Cauca,76520,Palmira,INVERSIÓN,1969559.873906843
2012,76000,Valle Del Cauca,76520,Palmira,OTROS,0.0
2012,76000,Valle Del Cauca,76563,Pradera,AHORRO,890533476.0464157
2012,76000,Valle Del Cauca,76563,Pradera,INVERSIÓN,1831037642.610006
2012,76000,Valle Del Cauca,76563,Pradera,OTROS,0.0
2012,76000,Valle Del Cauca,76606,Restrepo,AHORRO,510033070.1956293
2012,76000,Valle Del Cauca,76606,Restrepo,INVERSIÓN,848170012.6328844
2012,76000,Valle Del Cauca,76606,Restrepo,OTROS,0.0
2012,76000,Valle Del Cauca,76616,Riofrío,AHORRO,578066449.376437
2012,76000,Valle Del Cauca,76616,Riofrío,INVERSIÓN,909159292.7272089
2012,76000,Valle Del Cauca,76616,Riofrío,OTROS,0.0
2012,76000,Valle Del Cauca,76622,Roldanillo,AHORRO,633690527.4437233
2012,76000,Valle Del Cauca,76622,Roldanillo,INVERSIÓN,1249399855.5394058
2012,76000,Valle Del Cauca,76622,Roldanillo,OTROS,0.0
2012,76000,Valle Del Cauca,76670,San Pedro,AHORRO,457711560.44324887
2012,76000,Valle Del Cauca,76670,San Pedro,INVERSIÓN,809719240.9027598
2012,76000,Valle Del Cauca,76670,San Pedro,OTROS,0.0
2012,76000,Valle Del Cauca,76736,Sevilla,AHORRO,716153482.3795565
2012,76000,Valle Del Cauca,76736,Sevilla,INVERSIÓN,1508691591.5009193
2012,76000,Valle Del Cauca,76736,Sevilla,OTROS,0.0
2012,76000,Valle Del Cauca,76823,Toro,AHORRO,635237808.3432317
2012,76000,Valle Del Cauca,76823,Toro,INVERSIÓN,984173669.0886517
2012,76000,Valle Del Cauca,76823,Toro,OTROS,0.0
2012,76000,Valle Del Cauca,76828,Trujillo,AHORRO,566318583.8770527
2012,76000,Valle Del Cauca,76828,Trujillo,INVERSIÓN,948896721.1408536
2012,76000,Valle Del Cauca,76828,Trujillo,OTROS,0.0
2012,76000,Valle Del Cauca,76834,Tuluá,AHORRO,1190645557.3094866
2012,76000,Valle Del Cauca,76834,Tuluá,INVERSIÓN,5106301.329219736
2012,76000,Valle Del Cauca,76834,Tuluá,OTROS,0.0
2012,76000,Valle Del Cauca,76845,Ulloa,AHORRO,357188020.25302005
2012,76000,Valle Del Cauca,76845,Ulloa,INVERSIÓN,469053338.427253
2012,76000,Valle Del Cauca,76845,Ulloa,OTROS,0.0
2012,76000,Valle Del Cauca,76863,Versalles,AHORRO,355201981.96801007
2012,76000,Valle Del Cauca,76863,Versalles,INVERSIÓN,516879213.991041
2012,76000,Valle Del Cauca,76863,Versalles,OTROS,0.0
2012,76000,Valle Del Cauca,76869,Vijes,AHORRO,435625790.9698355
2012,76000,Valle Del Cauca,76869,Vijes,INVERSIÓN,664628983.0953691
2012,76000,Valle Del Cauca,76869,Vijes,OTROS,0.0
2012,76000,Valle Del Cauca,76890,Yotoco,AHORRO,589590175.7352089
2012,76000,Valle Del Cauca,76890,Yotoco,INVERSIÓN,933255685.8485154
2012,76000,Valle Del Cauca,76890,Yotoco,OTROS,0.0
2012,76000,Valle Del Cauca,76892,Yumbo,AHORRO,1002451754.8553898
2012,76000,Valle Del Cauca,76892,Yumbo,INVERSIÓN,143907889.793395
2012,76000,Valle Del Cauca,76892,Yumbo,OTROS,0.0
2012,76000,Valle Del Cauca,76895,Zarzal,AHORRO,682243239.5702418
2012,76000,Valle Del Cauca,76895,Zarzal,INVERSIÓN,1438541724.0606697
2012,76000,Valle Del Cauca,76895,Zarzal,OTROS,0.0
2013_2014,76000,Valle Del Cauca,76000,Valle Del Cauca,AHORRO,226994186750.08914
2013_2014,76000,Valle Del Cauca,76000,Valle Del Cauca,INVERSIÓN,457811617135.34894
2013_2014,76000,Valle Del Cauca,76000,Valle Del Cauca,OTROS,0.0
2013_2014,76000,Valle Del Cauca,76001,Cali,AHORRO,3504780536.723433
2013_2014,76000,Valle Del Cauca,76001,Cali,INVERSIÓN,57628710.66622884
2013_2014,76000,Valle Del Cauca,76001,Cali,OTROS,0.0
2013_2014,76000,Valle Del Cauca,76020,Alcalá,AHORRO,878083227.4872249
2013_2014,76000,Valle Del Cauca,76020,Alcalá,INVERSIÓN,2324919258.5213614
2013_2014,76000,Valle Del Cauca,76020,Alcalá,OTROS,0.0
2013_2014,76000,Valle Del Cauca,76036,Andalucía,AHORRO,680557898.4200624
2013_2014,76000,Valle Del Cauca,76036,Andalucía,INVERSIÓN,1866352611.2664292
2013_2014,76000,Valle Del Cauca,76036,Andalucía,OTROS,0.0
2013_2014,76000,Valle Del Cauca,76041,Ansermanuevo,AHORRO,966685175.0603428
2013_2014,76000,Valle Del Cauca,76041,Ansermanuevo,INVERSIÓN,2441350681.684262
2013_2014,76000,Valle Del Cauca,76041,Ansermanuevo,OTROS,0.0
2013_2014,76000,Valle Del Cauca,76054,Argelia,AHORRO,602701706.0623448
2013_2014,76000,Valle Del Cauca,76054,Argelia,INVERSIÓN,1227592186.0691264
2013_2014,76000,Valle Del Cauca,76054,Argelia,OTROS,0.0
2013_2014,76000,Valle Del Cauca,76100,Bolívar,AHORRO,826907061.0144441
2013_2014,76000,Valle Del Cauca,76100,Bolívar,INVERSIÓN,1947573700.3280041
2013_2014,76000,Valle Del Cauca,76100,Bolívar,OTROS,0.0
2013_2014,76000,Valle Del Cauca,76109,Buenaventura,AHORRO,3473924372.598463
2013_2014,76000,Valle Del Cauca,76109,Buenaventura,INVERSIÓN,58248065966.37611
2013_2014,76000,Valle Del Cauca,76109,Buenaventura,OTROS,0.0
2013_2014,76000,Valle Del Cauca,76111,Guadalajara de Buga,AHORRO,1084983603.010292
2013_2014,76000,Valle Del Cauca,76111,Guadalajara de Buga,INVERSIÓN,0.0
2013_2014,76000,Valle Del Cauca,76111,Guadalajara de Buga,OTROS,0.0
2013_2014,76000,Valle Del Cauca,76113,Bugalagrande,AHORRO,795667131.0147146
2013_2014,76000,Valle Del Cauca,76113,Bugalagrande,INVERSIÓN,2194876271.836142
2013_2014,76000,Valle Del Cauca,76113,Bugalagrande,OTROS,0.0
2013_2014,76000,Valle Del Cauca,76122,Caicedonia,AHORRO,767106647.2994474
2013_2014,76000,Valle Del Cauca,76122,Caicedonia,INVERSIÓN,2403311836.3484144
2013_2014,76000,Valle Del Cauca,76122,Caicedonia,OTROS,0.0
2013_2014,76000,Valle Del Cauca,76126,Calima,AHORRO,660875073.6601598
2013_2014,76000,Valle Del Cauca,76126,Calima,INVERSIÓN,1755189851.0913718
2013_2014,76000,Valle Del Cauca,76126,Calima,OTROS,0.0
2013_2014,76000,Valle Del Cauca,76130,Candelaria,AHORRO,1072682264.81573
2013_2014,76000,Valle Del Cauca,76130,Candelaria,INVERSIÓN,0.0
2013_2014,76000,Valle Del Cauca,76130,Candelaria,OTROS,0.0
2013_2014,76000,Valle Del Cauca,76147,Cartago,AHORRO,1371308355.313385
2013_2014,76000,Valle Del Cauca,76147,Cartago,INVERSIÓN,2325518.369405835
2013_2014,76000,Valle Del Cauca,76147,Cartago,OTROS,0.0
2013_2014,76000,Valle Del Cauca,76233,Dagua,AHORRO,1083456341.7997112
2013_2014,76000,Valle Del Cauca,76233,Dagua,INVERSIÓN,3221653098.0809784
2013_2014,76000,Valle Del Cauca,76233,Dagua,OTROS,0.0
2013_2014,76000,Valle Del Cauca,76243,El Águila,AHORRO,709157565.7621024
2013_2014,76000,Valle Del Cauca,76243,El Águila,INVERSIÓN,1632739241.3587005
2013_2014,76000,Valle Del Cauca,76243,El Águila,OTROS,0.0
2013_2014,76000,Valle Del Cauca,76246,El Cairo,AHORRO,710951040.6610537
2013_2014,76000,Valle Del Cauca,76246,El Cairo,INVERSIÓN,1577731239.6085205
2013_2014,76000,Valle Del Cauca,76246,El Cairo,OTROS,0.0
2013_2014,76000,Valle Del Cauca,76248,El Cerrito,AHORRO,1091370743.74865
2013_2014,76000,Valle Del Cauca,76248,El Cerrito,INVERSIÓN,3766197720.6603146
2013_2014,76000,Valle Del Cauca,76248,El Cerrito,OTROS,0.0
2013_2014,76000,Valle Del Cauca,76250,El Dovio,AHORRO,595343603.7869666
2013_2014,76000,Valle Del Cauca,76250,El Dovio,INVERSIÓN,1341101305.0633812
2013_2014,76000,Valle Del Cauca,76250,El Dovio,OTROS,0.0
2013_2014,76000,Valle Del Cauca,76275,Florida,AHORRO,1197833393.2819536
2013_2014,76000,Valle Del Cauca,76275,Florida,INVERSIÓN,4025239039.2685833
2013_2014,76000,Valle Del Cauca,76275,Florida,OTROS,0.0
2013_2014,76000,Valle Del Cauca,76306,Ginebra,AHORRO,714702860.7266549
2013_2014,76000,Valle Del Cauca,76306,Ginebra,INVERSIÓN,2030576833.225239
2013_2014,76000,Valle Del Cauca,76306,Ginebra,OTROS,0.0
2013_2014,76000,Valle Del Cauca,76318,Guacarí,AHORRO,964287971.4363568
2013_2014,76000,Valle Del Cauca,76318,Guacarí,INVERSIÓN,2922440566.9560246
2013_2014,76000,Valle Del Cauca,76318,Guacarí,OTROS,0.0
2013_2014,76000,Valle Del Cauca,76364,Jamundí,AHORRO,1301395327.9927802
2013_2014,76000,Valle Del Cauca,76364,Jamundí,INVERSIÓN,12718846.335821867
2013_2014,76000,Valle Del Cauca,76364,Jamundí,OTROS,0.0
2013_2014,76000,Valle Del Cauca,76377,La Cumbre,AHORRO,644883500.5533266
2013_2014,76000,Valle Del Cauca,76377,La Cumbre,INVERSIÓN,1552442048.3567505
2013_2014,76000,Valle Del Cauca,76377,La Cumbre,OTROS,0.0
2013_2014,76000,Valle Del Cauca,76400,La Unión,AHORRO,907101060.068134
2013_2014,76000,Valle Del Cauca,76400,La Unión,INVERSIÓN,2876279748.800004
2013_2014,76000,Valle Del Cauca,76400,La Unión,OTROS,0.0
2013_2014,76000,Valle Del Cauca,76403,La Victoria,AHORRO,612317708.387305
2013_2014,76000,Valle Del Cauca,76403,La Victoria,INVERSIÓN,1581290896.8389256
2013_2014,76000,Valle Del Cauca,76403,La Victoria,OTROS,0.0
2013_2014,76000,Valle Del Cauca,76497,Obando,AHORRO,858252834.2152233
2013_2014,76000,Valle Del Cauca,76497,Obando,INVERSIÓN,2050037266.685684
2013_2014,76000,Valle Del Cauca,76497,Obando,OTROS,0.0
2013_2014,76000,Valle Del Cauca,76520,Palmira,AHORRO,1689375107.9895108
2013_2014,76000,Valle Del Cauca,76520,Palmira,INVERSIÓN,2321480.1828699894
2013_2014,76000,Valle Del Cauca,76520,Palmira,OTROS,0.0
2013_2014,76000,Valle Del Cauca,76563,Pradera,AHORRO,1235643346.191208
2013_2014,76000,Valle Del Cauca,76563,Pradera,INVERSIÓN,4020879937.880472
2013_2014,76000,Valle Del Cauca,76563,Pradera,OTROS,0.0
2013_2014,76000,Valle Del Cauca,76606,Restrepo,AHORRO,703714089.6447102
2013_2014,76000,Valle Del Cauca,76606,Restrepo,INVERSIÓN,1846427258.2078
2013_2014,76000,Valle Del Cauca,76606,Restrepo,OTROS,0.0
2013_2014,76000,Valle Del Cauca,76616,Riofrío,AHORRO,789139489.545027
2013_2014,76000,Valle Del Cauca,76616,Riofrío,INVERSIÓN,1946894281.2814524
2013_2014,76000,Valle Del Cauca,76616,Riofrío,OTROS,0.0
2013_2014,76000,Valle Del Cauca,76622,Roldanillo,AHORRO,870169175.8685459
2013_2014,76000,Valle Del Cauca,76622,Roldanillo,INVERSIÓN,2700036413.522562
2013_2014,76000,Valle Del Cauca,76622,Roldanillo,OTROS,0.0
2013_2014,76000,Valle Del Cauca,76670,San Pedro,AHORRO,635652951.3364075
2013_2014,76000,Valle Del Cauca,76670,San Pedro,INVERSIÓN,1780529372.03255
2013_2014,76000,Valle Del Cauca,76670,San Pedro,OTROS,0.0
2013_2014,76000,Valle Del Cauca,76736,Sevilla,AHORRO,983309898.9944456
2013_2014,76000,Valle Del Cauca,76736,Sevilla,INVERSIÓN,3259852165.4884663
2013_2014,76000,Valle Del Cauca,76736,Sevilla,OTROS,0.0
2013_2014,76000,Valle Del Cauca,76823,Toro,AHORRO,876972051.9867378
2013_2014,76000,Valle Del Cauca,76823,Toro,INVERSIÓN,2144383314.061077
2013_2014,76000,Valle Del Cauca,76823,Toro,OTROS,0.0
2013_2014,76000,Valle Del Cauca,76828,Trujillo,AHORRO,778605551.4740692
2013_2014,76000,Valle Del Cauca,76828,Trujillo,INVERSIÓN,2056143997.4961023
2013_2014,76000,Valle Del Cauca,76828,Trujillo,OTROS,0.0
2013_2014,76000,Valle Del Cauca,76834,Tuluá,AHORRO,1651730517.9158251
2013_2014,76000,Valle Del Cauca,76834,Tuluá,INVERSIÓN,1315515.9601455077
2013_2014,76000,Valle Del Cauca,76834,Tuluá,OTROS,0.0
2013_2014,76000,Valle Del Cauca,76845,Ulloa,AHORRO,490459864.6229613
2013_2014,76000,Valle Del Cauca,76845,Ulloa,INVERSIÓN,1013529659.9070356
2013_2014,76000,Valle Del Cauca,76845,Ulloa,OTROS,0.0
2013_2014,76000,Valle Del Cauca,76863,Versalles,AHORRO,485594764.7904603
2013_2014,76000,Valle Del Cauca,76863,Versalles,INVERSIÓN,1109326803.7219768
2013_2014,76000,Valle Del Cauca,76863,Versalles,OTROS,0.0
2013_2014,76000,Valle Del Cauca,76869,Vijes,AHORRO,604378527.5987897
2013_2014,76000,Valle Del Cauca,76869,Vijes,INVERSIÓN,1460951885.6742544
2013_2014,76000,Valle Del Cauca,76869,Vijes,OTROS,0.0
2013_2014,76000,Valle Del Cauca,76890,Yotoco,AHORRO,814289049.1136239
2013_2014,76000,Valle Del Cauca,76890,Yotoco,INVERSIÓN,2036212984.9706814
2013_2014,76000,Valle Del Cauca,76890,Yotoco,OTROS,0.0
2013_2014,76000,Valle Del Cauca,76892,Yumbo,AHORRO,1400074726.3437426
2013_2014,76000,Valle Del Cauca,76892,Yumbo,INVERSIÓN,112471698.59832834
2013_2014,76000,Valle Del Cauca,76892,Yumbo,OTROS,0.0
2013_2014,76000,Valle Del Cauca,76895,Zarzal,AHORRO,945293064.9781796
2013_2014,76000,Valle Del Cauca,76895,Zarzal,INVERSIÓN,3152805486.04919
2013_2014,76000,Valle Del Cauca,76895,Zarzal,OTROS,0.0
2015_2016,76000,Valle Del Cauca,76000,Valle Del Cauca,AHORRO,186878445732.44806
2015_2016,76000,Valle Del Cauca,76000,Valle Del Cauca,INVERSIÓN,322061715562.6456
2015_2016,76000,Valle Del Cauca,76000,Valle Del Cauca,OTROS,0.0
2015_2016,76000,Valle Del Cauca,76001,Cali,AHORRO,2027815341.8371527
2015_2016,76000,Valle Del Cauca,76001,Cali,INVERSIÓN,203621710.12694138
2015_2016,76000,Valle Del Cauca,76001,Cali,OTROS,0.0
2015_2016,76000,Valle Del Cauca,76020,Alcalá,AHORRO,511420160.4477982
2015_2016,76000,Valle Del Cauca,76020,Alcalá,INVERSIÓN,1684762174.7847047
2015_2016,76000,Valle Del Cauca,76020,Alcalá,OTROS,0.0
2015_2016,76000,Valle Del Cauca,76036,Andalucía,AHORRO,390535254.4323802
2015_2016,76000,Valle Del Cauca,76036,Andalucía,INVERSIÓN,1322504871.5136092
2015_2016,76000,Valle Del Cauca,76036,Andalucía,OTROS,0.0
2015_2016,76000,Valle Del Cauca,76041,Ansermanuevo,AHORRO,553234541.800135
2015_2016,76000,Valle Del Cauca,76041,Ansermanuevo,INVERSIÓN,1721992328.6043103
2015_2016,76000,Valle Del Cauca,76041,Ansermanuevo,OTROS,0.0
2015_2016,76000,Valle Del Cauca,76054,Argelia,AHORRO,345318259.44605523
2015_2016,76000,Valle Del Cauca,76054,Argelia,INVERSIÓN,867852676.5368806
2015_2016,76000,Valle Del Cauca,76054,Argelia,OTROS,0.0
2015_2016,76000,Valle Del Cauca,76100,Bolívar,AHORRO,470849977.7798121
2015_2016,76000,Valle Del Cauca,76100,Bolívar,INVERSIÓN,1366288746.2531936
2015_2016,76000,Valle Del Cauca,76100,Bolívar,OTROS,0.0
2015_2016,76000,Valle Del Cauca,76109,Buenaventura,AHORRO,2022126852.3823836
2015_2016,76000,Valle Del Cauca,76109,Buenaventura,INVERSIÓN,42619127738.20314
2015_2016,76000,Valle Del Cauca,76109,Buenaventura,OTROS,0.0
2015_2016,76000,Valle Del Cauca,76111,Guadalajara de Buga,AHORRO,622500455.8573356
2015_2016,76000,Valle Del Cauca,76111,Guadalajara de Buga,INVERSIÓN,670038.8952637359
2015_2016,76000,Valle Del Cauca,76111,Guadalajara de Buga,OTROS,0.0
2015_2016,76000,Valle Del Cauca,76113,Bugalagrande,AHORRO,456339560.56572455
2015_2016,76000,Valle Del Cauca,76113,Bugalagrande,INVERSIÓN,1554164448.5772297
2015_2016,76000,Valle Del Cauca,76113,Bugalagrande,OTROS,0.0
2015_2016,76000,Valle Del Cauca,76122,Caicedonia,AHORRO,439623982.48089
2015_2016,76000,Valle Del Cauca,76122,Caicedonia,INVERSIÓN,1699892643.7055266
2015_2016,76000,Valle Del Cauca,76122,Caicedonia,OTROS,0.0
2015_2016,76000,Valle Del Cauca,76126,Calima,AHORRO,380050810.3358782
2015_2016,76000,Valle Del Cauca,76126,Calima,INVERSIÓN,1247191183.3588996
2015_2016,76000,Valle Del Cauca,76126,Calima,OTROS,0.0
2015_2016,76000,Valle Del Cauca,76130,Candelaria,AHORRO,622435147.4868876
2015_2016,76000,Valle Del Cauca,76130,Candelaria,INVERSIÓN,647155.0571495737
2015_2016,76000,Valle Del Cauca,76130,Candelaria,OTROS,0.0
2015_2016,76000,Valle Del Cauca,76147,Cartago,AHORRO,790581289.242585
2015_2016,76000,Valle Del Cauca,76147,Cartago,INVERSIÓN,3626047853.619907
2015_2016,76000,Valle Del Cauca,76147,Cartago,OTROS,0.0
2015_2016,76000,Valle Del Cauca,76233,Dagua,AHORRO,623769186.2138904
2015_2016,76000,Valle Del Cauca,76233,Dagua,INVERSIÓN,2294214661.8566623
2015_2016,76000,Valle Del Cauca,76233,Dagua,OTROS,0.0
2015_2016,76000,Valle Del Cauca,76243,El Águila,AHORRO,408486421.4267086
2015_2016,76000,Valle Del Cauca,76243,El Águila,INVERSIÓN,1163588996.4845088
2015_2016,76000,Valle Del Cauca,76243,El Águila,OTROS,0.0
2015_2016,76000,Valle Del Cauca,76246,El Cairo,AHORRO,410269125.5414277
2015_2016,76000,Valle Del Cauca,76246,El Cairo,INVERSIÓN,1127478861.2430117
2015_2016,76000,Valle Del Cauca,76246,El Cairo,OTROS,0.0
2015_2016,76000,Valle Del Cauca,76248,El Cerrito,AHORRO,629016378.3081738
2015_2016,76000,Valle Del Cauca,76248,El Cerrito,INVERSIÓN,2686399785.563848
2015_2016,76000,Valle Del Cauca,76248,El Cerrito,OTROS,0.0
2015_2016,76000,Valle Del Cauca,76250,El Dovio,AHORRO,339357948.7536018
2015_2016,76000,Valle Del Cauca,76250,El Dovio,INVERSIÓN,941344325.3695526
2015_2016,76000,Valle Del Cauca,76250,El Dovio,OTROS,0.0
2015_2016,76000,Valle Del Cauca,76275,Florida,AHORRO,689778432.5557972
2015_2016,76000,Valle Del Cauca,76275,Florida,INVERSIÓN,2867376540.3047624
2015_2016,76000,Valle Del Cauca,76275,Florida,OTROS,0.0
2015_2016,76000,Valle Del Cauca,76306,Ginebra,AHORRO,413087123.5379024
2015_2016,76000,Valle Del Cauca,76306,Ginebra,INVERSIÓN,1505343661.5848715
2015_2016,76000,Valle Del Cauca,76306,Ginebra,OTROS,0.0
2015_2016,76000,Valle Del Cauca,76318,Guacarí,AHORRO,557016236.657192
2015_2016,76000,Valle Del Cauca,76318,Guacarí,INVERSIÓN,2091013254.2320044
2015_2016,76000,Valle Del Cauca,76318,Guacarí,OTROS,0.0
2015_2016,76000,Valle Del Cauca,76364,Jamundí,AHORRO,758167829.3846052
2015_2016,76000,Valle Del Cauca,76364,Jamundí,INVERSIÓN,3477796072.1956973
2015_2016,76000,Valle Del Cauca,76364,Jamundí,OTROS,0.0
2015_2016,76000,Valle Del Cauca,76377,La Cumbre,AHORRO,371496195.7389613
2015_2016,76000,Valle Del Cauca,76377,La Cumbre,INVERSIÓN,1106497764.8932617
2015_2016,76000,Valle Del Cauca,76377,La Cumbre,OTROS,0.0
2015_2016,76000,Valle Del Cauca,76400,La Unión,AHORRO,527113208.2117844
2015_2016,76000,Valle Del Cauca,76400,La Unión,INVERSIÓN,2077054536.167838
2015_2016,76000,Valle Del Cauca,76400,La Unión,OTROS,0.0
2015_2016,76000,Valle Del Cauca,76403,La Victoria,AHORRO,350157633.746156
2015_2016,76000,Valle Del Cauca,76403,La Victoria,INVERSIÓN,1114970560.4723792
2015_2016,76000,Valle Del Cauca,76403,La Victoria,OTROS,0.0
2015_2016,76000,Valle Del Cauca,76497,Obando,AHORRO,494614533.6687986
2015_2016,76000,Valle Del Cauca,76497,Obando,INVERSIÓN,1462052342.1365771
2015_2016,76000,Valle Del Cauca,76497,Obando,OTROS,0.0
2015_2016,76000,Valle Del Cauca,76520,Palmira,AHORRO,974753292.9928926
2015_2016,76000,Valle Del Cauca,76520,Palmira,INVERSIÓN,2939412.5188950645
2015_2016,76000,Valle Del Cauca,76520,Palmira,OTROS,0.0
2015_2016,76000,Valle Del Cauca,76563,Pradera,AHORRO,715765768.0969285
2015_2016,76000,Valle Del Cauca,76563,Pradera,INVERSIÓN,2889906647.535934
2015_2016,76000,Valle Del Cauca,76563,Pradera,OTROS,0.0
2015_2016,76000,Valle Del Cauca,76606,Restrepo,AHORRO,404966548.05322826
2015_2016,76000,Valle Del Cauca,76606,Restrepo,INVERSIÓN,1313961515.207816
2015_2016,76000,Valle Del Cauca,76606,Restrepo,OTROS,0.0
2015_2016,76000,Valle Del Cauca,76616,Riofrío,AHORRO,448477536.14903295
2015_2016,76000,Valle Del Cauca,76616,Riofrío,INVERSIÓN,1359551491.123653
2015_2016,76000,Valle Del Cauca,76616,Riofrío,OTROS,0.0
2015_2016,76000,Valle Del Cauca,76622,Roldanillo,AHORRO,497923294.8244589
2015_2016,76000,Valle Del Cauca,76622,Roldanillo,INVERSIÓN,1907108586.9069386
2015_2016,76000,Valle Del Cauca,76622,Roldanillo,OTROS,0.0
2015_2016,76000,Valle Del Cauca,76670,San Pedro,AHORRO,368543371.4157178
2015_2016,76000,Valle Del Cauca,76670,San Pedro,INVERSIÓN,1281459460.4230845
2015_2016,76000,Valle Del Cauca,76670,San Pedro,OTROS,0.0
2015_2016,76000,Valle Del Cauca,76736,Sevilla,AHORRO,562474081.2987932
2015_2016,76000,Valle Del Cauca,76736,Sevilla,INVERSIÓN,2298763666.8724937
2015_2016,76000,Valle Del Cauca,76736,Sevilla,OTROS,0.0
2015_2016,76000,Valle Del Cauca,76823,Toro,AHORRO,504982373.077346
2015_2016,76000,Valle Del Cauca,76823,Toro,INVERSIÓN,1527435703.7064764
2015_2016,76000,Valle Del Cauca,76823,Toro,OTROS,0.0
2015_2016,76000,Valle Del Cauca,76828,Trujillo,AHORRO,446220078.8211579
2015_2016,76000,Valle Del Cauca,76828,Trujillo,INVERSIÓN,1453926738.1738827
2015_2016,76000,Valle Del Cauca,76828,Trujillo,OTROS,0.0
2015_2016,76000,Valle Del Cauca,76834,Tuluá,AHORRO,956467237.4325634
2015_2016,76000,Valle Del Cauca,76834,Tuluá,INVERSIÓN,4317671.804962778
2015_2016,76000,Valle Del Cauca,76834,Tuluá,OTROS,0.0
2015_2016,76000,Valle Del Cauca,76845,Ulloa,AHORRO,280519596.01150274
2015_2016,76000,Valle Del Cauca,76845,Ulloa,INVERSIÓN,714602164.9312012
2015_2016,76000,Valle Del Cauca,76845,Ulloa,OTROS,0.0
2015_2016,76000,Valle Del Cauca,76863,Versalles,AHORRO,276363722.42608875
2015_2016,76000,Valle Del Cauca,76863,Versalles,INVERSIÓN,776314160.6410085
2015_2016,76000,Valle Del Cauca,76863,Versalles,OTROS,0.0
2015_2016,76000,Valle Del Cauca,76869,Vijes,AHORRO,350029464.4600193
2015_2016,76000,Valle Del Cauca,76869,Vijes,INVERSIÓN,1051062077.2151697
2015_2016,76000,Valle Del Cauca,76869,Vijes,OTROS,0.0
2015_2016,76000,Valle Del Cauca,76890,Yotoco,AHORRO,469165178.45694506
2015_2016,76000,Valle Del Cauca,76890,Yotoco,INVERSIÓN,1451677572.9695463
2015_2016,76000,Valle Del Cauca,76890,Yotoco,OTROS,0.0
2015_2016,76000,Valle Del Cauca,76892,Yumbo,AHORRO,817233886.894855
2015_2016,76000,Valle Del Cauca,76892,Yumbo,INVERSIÓN,110593806.84425491
2015_2016,76000,Valle Del Cauca,76892,Yumbo,OTROS,0.0
2015_2016,76000,Valle Del Cauca,76895,Zarzal,AHORRO,546667190.7444394
2015_2016,76000,Valle Del Cauca,76895,Zarzal,INVERSIÓN,2259818619.7477617
2015_2016,76000,Valle Del Cauca,76895,Zarzal,OTROS,0.0
2017_2018,76000,Valle Del Cauca,76000,Valle Del Cauca,AHORRO,77762153729.30978
2017_2018,76000,Valle Del Cauca,76000,Valle Del Cauca,INVERSIÓN,564536858509.4739
2017_2018,76000,Valle Del Cauca,76000,Valle Del Cauca,OTROS,0.0
2017_2018,76000,Valle Del Cauca,76001,Cali,AHORRO,1783891766.4465566
2017_2018,76000,Valle Del Cauca,76001,Cali,INVERSIÓN,121630232.473003
2017_2018,76000,Valle Del Cauca,76001,Cali,OTROS,0.0
2017_2018,76000,Valle Del Cauca,76020,Alcalá,AHORRO,453756959.3535031
2017_2018,76000,Valle Del Cauca,76020,Alcalá,INVERSIÓN,2984866923.366962
2017_2018,76000,Valle Del Cauca,76020,Alcalá,OTROS,0.0
2017_2018,76000,Valle Del Cauca,76036,Andalucía,AHORRO,340010781.2454626
2017_2018,76000,Valle Del Cauca,76036,Andalucía,INVERSIÓN,2284490401.0448446
2017_2018,76000,Valle Del Cauca,76036,Andalucía,OTROS,0.0
2017_2018,76000,Valle Del Cauca,76041,Ansermanuevo,AHORRO,480062885.3633039
2017_2018,76000,Valle Del Cauca,76041,Ansermanuevo,INVERSIÓN,2971471890.8753185
2017_2018,76000,Valle Del Cauca,76041,Ansermanuevo,OTROS,0.0
2017_2018,76000,Valle Del Cauca,76054,Argelia,AHORRO,299985206.6665736
2017_2018,76000,Valle Del Cauca,76054,Argelia,INVERSIÓN,1494374261.0293741
2017_2018,76000,Valle Del Cauca,76054,Argelia,OTROS,0.0
2017_2018,76000,Valle Del Cauca,76100,Bolívar,AHORRO,405831529.4363205
2017_2018,76000,Valle Del Cauca,76100,Bolívar,INVERSIÓN,2329768364.921882
2017_2018,76000,Valle Del Cauca,76100,Bolívar,OTROS,0.0
2017_2018,76000,Valle Del Cauca,76109,Buenaventura,AHORRO,1793056956.5340106
2017_2018,76000,Valle Del Cauca,76109,Buenaventura,INVERSIÓN,74366343023.33234
2017_2018,76000,Valle Del Cauca,76109,Buenaventura,OTROS,0.0
2017_2018,76000,Valle Del Cauca,76111,Guadalajara de Buga,AHORRO,541753841.454136
2017_2018,76000,Valle Del Cauca,76111,Guadalajara de Buga,INVERSIÓN,71865.51023360001
2017_2018,76000,Valle Del Cauca,76111,Guadalajara de Buga,OTROS,0.0
2017_2018,76000,Valle Del Cauca,76113,Bugalagrande,AHORRO,396989076.6259864
2017_2018,76000,Valle Del Cauca,76113,Bugalagrande,INVERSIÓN,2682427937.2139754
2017_2018,76000,Valle Del Cauca,76113,Bugalagrande,OTROS,0.0
2017_2018,76000,Valle Del Cauca,76122,Caicedonia,AHORRO,382104341.5805295
2017_2018,76000,Valle Del Cauca,76122,Caicedonia,INVERSIÓN,2932228409.815753
2017_2018,76000,Valle Del Cauca,76122,Caicedonia,OTROS,0.0
2017_2018,76000,Valle Del Cauca,76126,Calima,AHORRO,331835694.6924042
2017_2018,76000,Valle Del Cauca,76126,Calima,INVERSIÓN,2162550699.367607
2017_2018,76000,Valle Del Cauca,76126,Calima,OTROS,0.0
2017_2018,76000,Valle Del Cauca,76130,Candelaria,AHORRO,549534341.9973724
2017_2018,76000,Valle Del Cauca,76130,Candelaria,INVERSIÓN,1694938.3198520003
2017_2018,76000,Valle Del Cauca,76130,Candelaria,OTROS,0.0
2017_2018,76000,Valle Del Cauca,76147,Cartago,AHORRO,692287102.7208705
2017_2018,76000,Valle Del Cauca,76147,Cartago,INVERSIÓN,7118151648.329748
2017_2018,76000,Valle Del Cauca,76147,Cartago,OTROS,0.0
2017_2018,76000,Valle Del Cauca,76233,Dagua,AHORRO,545359927.5545018
2017_2018,76000,Valle Del Cauca,76233,Dagua,INVERSIÓN,3985611071.159372
2017_2018,76000,Valle Del Cauca,76233,Dagua,OTROS,0.0
2017_2018,76000,Valle Del Cauca,76243,El Águila,AHORRO,357323490.5394419
2017_2018,76000,Valle Del Cauca,76243,El Águila,INVERSIÓN,2022396027.8995728
2017_2018,76000,Valle Del Cauca,76243,El Águila,OTROS,0.0
2017_2018,76000,Valle Del Cauca,76246,El Cairo,AHORRO,359720937.6947771
2017_2018,76000,Valle Del Cauca,76246,El Cairo,INVERSIÓN,1965803239.4864502
2017_2018,76000,Valle Del Cauca,76246,El Cairo,OTROS,0.0
2017_2018,76000,Valle Del Cauca,76248,El Cerrito,AHORRO,550643590.469886
2017_2018,76000,Valle Del Cauca,76248,El Cerrito,INVERSIÓN,4673775221.103659
2017_2018,76000,Valle Del Cauca,76248,El Cerrito,OTROS,0.0
2017_2018,76000,Valle Del Cauca,76250,El Dovio,AHORRO,293099972.4084033
2017_2018,76000,Valle Del Cauca,76250,El Dovio,INVERSIÓN,1607002721.6414936
2017_2018,76000,Valle Del Cauca,76250,El Dovio,OTROS,0.0
2017_2018,76000,Valle Del Cauca,76275,Florida,AHORRO,603226049.3961715
2017_2018,76000,Valle Del Cauca,76275,Florida,INVERSIÓN,4982309095.347287
2017_2018,76000,Valle Del Cauca,76275,Florida,OTROS,0.0
2017_2018,76000,Valle Del Cauca,76306,Ginebra,AHORRO,362941948.0844351
2017_2018,76000,Valle Del Cauca,76306,Ginebra,INVERSIÓN,2539952004.917402
2017_2018,76000,Valle Del Cauca,76306,Ginebra,OTROS,0.0
2017_2018,76000,Valle Del Cauca,76318,Guacarí,AHORRO,489020302.8608874
2017_2018,76000,Valle Del Cauca,76318,Guacarí,INVERSIÓN,3652266340.3244367
2017_2018,76000,Valle Del Cauca,76318,Guacarí,OTROS,0.0
2017_2018,76000,Valle Del Cauca,76364,Jamundí,AHORRO,672906654.5079486
2017_2018,76000,Valle Del Cauca,76364,Jamundí,INVERSIÓN,6868644632.516211
2017_2018,76000,Valle Del Cauca,76364,Jamundí,OTROS,0.0
2017_2018,76000,Valle Del Cauca,76377,La Cumbre,AHORRO,325097648.13346344
2017_2018,76000,Valle Del Cauca,76377,La Cumbre,INVERSIÓN,1924250221.311409
2017_2018,76000,Valle Del Cauca,76377,La Cumbre,OTROS,0.0
2017_2018,76000,Valle Del Cauca,76400,La Unión,AHORRO,466294652.0659829
2017_2018,76000,Valle Del Cauca,76400,La Unión,INVERSIÓN,3665246693.331036
2017_2018,76000,Valle Del Cauca,76400,La Unión,OTROS,0.0
2017_2018,76000,Valle Del Cauca,76403,La Victoria,AHORRO,303487257.0516556
2017_2018,76000,Valle Del Cauca,76403,La Victoria,INVERSIÓN,1921736460.384617
2017_2018,76000,Valle Del Cauca,76403,La Victoria,OTROS,0.0
2017_2018,76000,Valle Del Cauca,76497,Obando,AHORRO,433222713.7524097
2017_2018,76000,Valle Del Cauca,76497,Obando,INVERSIÓN,2545631849.2573833
2017_2018,76000,Valle Del Cauca,76497,Obando,OTROS,0.0
2017_2018,76000,Valle Del Cauca,76520,Palmira,AHORRO,854455444.9441563
2017_2018,76000,Valle Del Cauca,76520,Palmira,INVERSIÓN,8994854.257928418
2017_2018,76000,Valle Del Cauca,76520,Palmira,OTROS,0.0
2017_2018,76000,Valle Del Cauca,76563,Pradera,AHORRO,630765512.0923456
2017_2018,76000,Valle Del Cauca,76563,Pradera,INVERSIÓN,5073273169.120676
2017_2018,76000,Valle Del Cauca,76563,Pradera,OTROS,0.0
2017_2018,76000,Valle Del Cauca,76606,Restrepo,AHORRO,353870994.3005568
2017_2018,76000,Valle Del Cauca,76606,Restrepo,INVERSIÓN,2280802304.5782995
2017_2018,76000,Valle Del Cauca,76606,Restrepo,OTROS,0.0
2017_2018,76000,Valle Del Cauca,76616,Riofrío,AHORRO,385512577.511326
2017_2018,76000,Valle Del Cauca,76616,Riofrío,INVERSIÓN,2310303575.3201594
2017_2018,76000,Valle Del Cauca,76616,Riofrío,OTROS,0.0
2017_2018,76000,Valle Del Cauca,76622,Roldanillo,AHORRO,431918099.5405392
2017_2018,76000,Valle Del Cauca,76622,Roldanillo,INVERSIÓN,3282804402.452192
2017_2018,76000,Valle Del Cauca,76622,Roldanillo,OTROS,0.0
2017_2018,76000,Valle Del Cauca,76670,San Pedro,AHORRO,325091394.3200458
2017_2018,76000,Valle Del Cauca,76670,San Pedro,INVERSIÓN,2252519396.441476
2017_2018,76000,Valle Del Cauca,76670,San Pedro,OTROS,0.0
2017_2018,76000,Valle Del Cauca,76736,Sevilla,AHORRO,487692693.8816494
2017_2018,76000,Valle Del Cauca,76736,Sevilla,INVERSIÓN,3948081605.159232
2017_2018,76000,Valle Del Cauca,76736,Sevilla,OTROS,0.0
2017_2018,76000,Valle Del Cauca,76823,Toro,AHORRO,441810249.7879864
2017_2018,76000,Valle Del Cauca,76823,Toro,INVERSIÓN,2655447142.6937003
2017_2018,76000,Valle Del Cauca,76823,Toro,OTROS,0.0
2017_2018,76000,Valle Del Cauca,76828,Trujillo,AHORRO,387865256.9851129
2017_2018,76000,Valle Del Cauca,76828,Trujillo,INVERSIÓN,2505140513.0740585
2017_2018,76000,Valle Del Cauca,76828,Trujillo,OTROS,0.0
2017_2018,76000,Valle Del Cauca,76834,Tuluá,AHORRO,842321882.4933025
2017_2018,76000,Valle Del Cauca,76834,Tuluá,INVERSIÓN,3564913.356084569
2017_2018,76000,Valle Del Cauca,76834,Tuluá,OTROS,0.0
2017_2018,76000,Valle Del Cauca,76845,Ulloa,AHORRO,243100517.20144823
2017_2018,76000,Valle Del Cauca,76845,Ulloa,INVERSIÓN,1226415359.17785
2017_2018,76000,Valle Del Cauca,76845,Ulloa,OTROS,0.0
2017_2018,76000,Valle Del Cauca,76863,Versalles,AHORRO,238046150.35307324
2017_2018,76000,Valle Del Cauca,76863,Versalles,INVERSIÓN,1321533452.8259692
2017_2018,76000,Valle Del Cauca,76863,Versalles,OTROS,0.0
2017_2018,76000,Valle Del Cauca,76869,Vijes,AHORRO,308248263.3113765
2017_2018,76000,Valle Del Cauca,76869,Vijes,INVERSIÓN,1843830537.5404906
2017_2018,76000,Valle Del Cauca,76869,Vijes,OTROS,0.0
2017_2018,76000,Valle Del Cauca,76890,Yotoco,AHORRO,410624307.6399163
2017_2018,76000,Valle Del Cauca,76890,Yotoco,INVERSIÓN,2526827976.5417433
2017_2018,76000,Valle Del Cauca,76890,Yotoco,OTROS,0.0
2017_2018,76000,Valle Del Cauca,76892,Yumbo,AHORRO,727016813.5331383
2017_2018,76000,Valle Del Cauca,76892,Yumbo,INVERSIÓN,321564529.21880907
2017_2018,76000,Valle Del Cauca,76892,Yumbo,OTROS,0.0
2017_2018,76000,Valle Del Cauca,76895,Zarzal,AHORRO,480670037.5456348
2017_2018,76000,Valle Del Cauca,76895,Zarzal,INVERSIÓN,3957051292.8460517
2017_2018,76000,Valle Del Cauca,76895,Zarzal,OTROS,0.0
2019_2020,76000,Valle Del Cauca,76000,Valle Del Cauca,AHORRO,163895138884.32953
2019_2020,76000,Valle Del Cauca,76000,Valle Del Cauca,INVERSIÓN,489807202161.037
2019_2020,76000,Valle Del Cauca,76000,Valle Del Cauca,OTROS,0.0
2019_2020,76000,Valle Del Cauca,76001,Cali,AHORRO,1502614767.4336798
2019_2020,76000,Valle Del Cauca,76001,Cali,INVERSIÓN,165869578.6146955
2019_2020,76000,Valle Del Cauca,76001,Cali,OTROS,0.0
2019_2020,76000,Valle Del Cauca,76020,Alcalá,AHORRO,384203860.04905397
2019_2020,76000,Valle Del Cauca,76020,Alcalá,INVERSIÓN,2612838558.022552
2019_2020,76000,Valle Del Cauca,76020,Alcalá,OTROS,0.0
2019_2020,76000,Valle Del Cauca,76036,Andalucía,AHORRO,284768541.0797342
2019_2020,76000,Valle Del Cauca,76036,Andalucía,INVERSIÓN,1960929763.6130905
2019_2020,76000,Valle Del Cauca,76036,Andalucía,OTROS,0.0
2019_2020,76000,Valle Del Cauca,76041,Ansermanuevo,AHORRO,401317037.4435264
2019_2020,76000,Valle Del Cauca,76041,Ansermanuevo,INVERSIÓN,2549139820.5423584
2019_2020,76000,Valle Del Cauca,76041,Ansermanuevo,OTROS,0.0
2019_2020,76000,Valle Del Cauca,76054,Argelia,AHORRO,250970728.39460373
2019_2020,76000,Valle Del Cauca,76054,Argelia,INVERSIÓN,1278943850.1407936
2019_2020,76000,Valle Del Cauca,76054,Argelia,OTROS,0.0
2019_2020,76000,Valle Del Cauca,76100,Bolívar,AHORRO,337971959.80934095
2019_2020,76000,Valle Del Cauca,76100,Bolívar,INVERSIÓN,1979802309.6645303
2019_2020,76000,Valle Del Cauca,76100,Bolívar,OTROS,0.0
2019_2020,76000,Valle Del Cauca,76109,Buenaventura,AHORRO,1517330004.2297144
2019_2020,76000,Valle Del Cauca,76109,Buenaventura,INVERSIÓN,64473733170.45674
2019_2020,76000,Valle Del Cauca,76109,Buenaventura,OTROS,0.0
2019_2020,76000,Valle Del Cauca,76111,Guadalajara de Buga,AHORRO,453533814.7618639
2019_2020,76000,Valle Del Cauca,76111,Guadalajara de Buga,INVERSIÓN,19072758.224236634
2019_2020,76000,Valle Del Cauca,76111,Guadalajara de Buga,OTROS,0.0
2019_2020,76000,Valle Del Cauca,76113,Bugalagrande,AHORRO,332281498.2450487
2019_2020,76000,Valle Del Cauca,76113,Bugalagrande,INVERSIÓN,2307522525.7179656
2019_2020,76000,Valle Del Cauca,76113,Bugalagrande,OTROS,0.0
2019_2020,76000,Valle Del Cauca,76122,Caicedonia,AHORRO,319687979.5541239
2019_2020,76000,Valle Del Cauca,76122,Caicedonia,INVERSIÓN,2520763623.812807
2019_2020,76000,Valle Del Cauca,76122,Caicedonia,OTROS,0.0
2019_2020,76000,Valle Del Cauca,76126,Calima,AHORRO,278301650.68770564
2019_2020,76000,Valle Del Cauca,76126,Calima,INVERSIÓN,1862966283.9969873
2019_2020,76000,Valle Del Cauca,76126,Calima,OTROS,0.0
2019_2020,76000,Valle Del Cauca,76130,Candelaria,AHORRO,463793565.0292366
2019_2020,76000,Valle Del Cauca,76130,Candelaria,INVERSIÓN,24320195.042765997
2019_2020,76000,Valle Del Cauca,76130,Candelaria,OTROS,0.0
2019_2020,76000,Valle Del Cauca,76147,Cartago,AHORRO,581576843.2658781
2019_2020,76000,Valle Del Cauca,76147,Cartago,INVERSIÓN,6204533407.866587
2019_2020,76000,Valle Del Cauca,76147,Cartago,OTROS,0.0
2019_2020,76000,Valle Del Cauca,76233,Dagua,AHORRO,457755945.95934796
2019_2020,76000,Valle Del Cauca,76233,Dagua,INVERSIÓN,3454179220.0035567
2019_2020,76000,Valle Del Cauca,76233,Dagua,OTROS,0.0
2019_2020,76000,Valle Del Cauca,76243,El Águila,AHORRO,300100483.157163
2019_2020,76000,Valle Del Cauca,76243,El Águila,INVERSIÓN,1744006401.7658687
2019_2020,76000,Valle Del Cauca,76243,El Águila,OTROS,0.0
2019_2020,76000,Valle Del Cauca,76246,El Cairo,AHORRO,302521130.55761397
2019_2020,76000,Valle Del Cauca,76246,El Cairo,INVERSIÓN,1699036375.6541412
2019_2020,76000,Valle Del Cauca,76246,El Cairo,OTROS,0.0
2019_2020,76000,Valle Del Cauca,76248,El Cerrito,AHORRO,462502696.4378422
2019_2020,76000,Valle Del Cauca,76248,El Cerrito,INVERSIÓN,4031340904.4848156
2019_2020,76000,Valle Del Cauca,76248,El Cerrito,OTROS,0.0
2019_2020,76000,Valle Del Cauca,76250,El Dovio,AHORRO,244278844.39989024
2019_2020,76000,Valle Del Cauca,76250,El Dovio,INVERSIÓN,1365689282.5579484
2019_2020,76000,Valle Del Cauca,76250,El Dovio,OTROS,0.0
2019_2020,76000,Valle Del Cauca,76275,Florida,AHORRO,506451022.9983349
2019_2020,76000,Valle Del Cauca,76275,Florida,INVERSIÓN,4296618591.638326
2019_2020,76000,Valle Del Cauca,76275,Florida,OTROS,0.0
2019_2020,76000,Valle Del Cauca,76306,Ginebra,AHORRO,305487996.43152153
2019_2020,76000,Valle Del Cauca,76306,Ginebra,INVERSIÓN,2210649862.3012815
2019_2020,76000,Valle Del Cauca,76306,Ginebra,OTROS,0.0
2019_2020,76000,Valle Del Cauca,76318,Guacarí,AHORRO,411451636.6064162
2019_2020,76000,Valle Del Cauca,76318,Guacarí,INVERSIÓN,3159581958.4349904
2019_2020,76000,Valle Del Cauca,76318,Guacarí,OTROS,0.0
2019_2020,76000,Valle Del Cauca,76364,Jamundí,AHORRO,569681807.7823681
2019_2020,76000,Valle Del Cauca,76364,Jamundí,INVERSIÓN,6087028978.980652
2019_2020,76000,Valle Del Cauca,76364,Jamundí,OTROS,0.0
2019_2020,76000,Valle Del Cauca,76377,La Cumbre,AHORRO,273109107.124081
2019_2020,76000,Valle Del Cauca,76377,La Cumbre,INVERSIÓN,1659731357.86844
2019_2020,76000,Valle Del Cauca,76377,La Cumbre,OTROS,0.0
2019_2020,76000,Valle Del Cauca,76400,La Unión,AHORRO,394006696.905423
2019_2020,76000,Valle Del Cauca,76400,La Unión,INVERSIÓN,3196390381.359698
2019_2020,76000,Valle Del Cauca,76400,La Unión,OTROS,0.0
2019_2020,76000,Valle Del Cauca,76403,La Victoria,AHORRO,253489272.5309638
2019_2020,76000,Valle Del Cauca,76403,La Victoria,INVERSIÓN,1652148273.3593507
2019_2020,76000,Valle Del Cauca,76403,La Victoria,OTROS,0.0
2019_2020,76000,Valle Del Cauca,76497,Obando,AHORRO,364084866.2902473
2019_2020,76000,Valle Del Cauca,76497,Obando,INVERSIÓN,2198995181.0692806
2019_2020,76000,Valle Del Cauca,76497,Obando,OTROS,0.0
2019_2020,76000,Valle Del Cauca,76520,Palmira,AHORRO,718240658.5835207
2019_2020,76000,Valle Del Cauca,76520,Palmira,INVERSIÓN,10234190.118043616
2019_2020,76000,Valle Del Cauca,76520,Palmira,OTROS,0.0
2019_2020,76000,Valle Del Cauca,76563,Pradera,AHORRO,531904918.5408592
2019_2020,76000,Valle Del Cauca,76563,Pradera,INVERSIÓN,4407375615.224346
2019_2020,76000,Valle Del Cauca,76563,Pradera,OTROS,0.0
2019_2020,76000,Valle Del Cauca,76606,Restrepo,AHORRO,296956902.6541195
2019_2020,76000,Valle Del Cauca,76606,Restrepo,INVERSIÓN,1963479780.595355
2019_2020,76000,Valle Del Cauca,76606,Restrepo,OTROS,0.0
2019_2020,76000,Valle Del Cauca,76616,Riofrío,AHORRO,320518518.98379546
2019_2020,76000,Valle Del Cauca,76616,Riofrío,INVERSIÓN,1969449200.1783853
2019_2020,76000,Valle Del Cauca,76616,Riofrío,OTROS,0.0
2019_2020,76000,Valle Del Cauca,76622,Roldanillo,AHORRO,360923033.29383
2019_2020,76000,Valle Del Cauca,76622,Roldanillo,INVERSIÓN,2808469752.27457
2019_2020,76000,Valle Del Cauca,76622,Roldanillo,OTROS,0.0
2019_2020,76000,Valle Del Cauca,76670,San Pedro,AHORRO,274205267.3338177
2019_2020,76000,Valle Del Cauca,76670,San Pedro,INVERSIÓN,1957940556.8438437
2019_2020,76000,Valle Del Cauca,76670,San Pedro,OTROS,0.0
2019_2020,76000,Valle Del Cauca,76736,Sevilla,AHORRO,407436830.04604167
2019_2020,76000,Valle Del Cauca,76736,Sevilla,INVERSIÓN,3370742980.522881
2019_2020,76000,Valle Del Cauca,76736,Sevilla,OTROS,0.0
2019_2020,76000,Valle Del Cauca,76823,Toro,AHORRO,371030815.8680651
2019_2020,76000,Valle Del Cauca,76823,Toro,INVERSIÓN,2289137525.860233
2019_2020,76000,Valle Del Cauca,76823,Toro,OTROS,0.0
2019_2020,76000,Valle Del Cauca,76828,Trujillo,AHORRO,324499698.545194
2019_2020,76000,Valle Del Cauca,76828,Trujillo,INVERSIÓN,2143756180.7471285
2019_2020,76000,Valle Del Cauca,76828,Trujillo,OTROS,0.0
2019_2020,76000,Valle Del Cauca,76834,Tuluá,AHORRO,709937491.0071568
2019_2020,76000,Valle Del Cauca,76834,Tuluá,INVERSIÓN,9638021.821573
2019_2020,76000,Valle Del Cauca,76834,Tuluá,OTROS,0.0
2019_2020,76000,Valle Del Cauca,76845,Ulloa,AHORRO,202959559.08247128
2019_2020,76000,Valle Del Cauca,76845,Ulloa,INVERSIÓN,1045819210.2325804
2019_2020,76000,Valle Del Cauca,76845,Ulloa,OTROS,0.0
2019_2020,76000,Valle Del Cauca,76863,Versalles,AHORRO,198117351.4754899
2019_2020,76000,Valle Del Cauca,76863,Versalles,INVERSIÓN,1120067297.5947614
2019_2020,76000,Valle Del Cauca,76863,Versalles,OTROS,0.0
2019_2020,76000,Valle Del Cauca,76869,Vijes,AHORRO,259827539.6540756
2019_2020,76000,Valle Del Cauca,76869,Vijes,INVERSIÓN,1607805853.38291
2019_2020,76000,Valle Del Cauca,76869,Vijes,OTROS,0.0
2019_2020,76000,Valle Del Cauca,76890,Yotoco,AHORRO,344867548.78434485
2019_2020,76000,Valle Del Cauca,76890,Yotoco,INVERSIÓN,2180422787.072881
2019_2020,76000,Valle Del Cauca,76890,Yotoco,OTROS,0.0
2019_2020,76000,Valle Del Cauca,76892,Yumbo,AHORRO,616300042.3504295
2019_2020,76000,Valle Del Cauca,76892,Yumbo,INVERSIÓN,389747349.70171994
2019_2020,76000,Valle Del Cauca,76892,Yumbo,OTROS,0.0
2019_2020,76000,Valle Del Cauca,76895,Zarzal,AHORRO,404790140.4786116
2019_2020,76000,Valle Del Cauca,76895,Zarzal,INVERSIÓN,3428917714.255744
2019_2020,76000,Valle Del Cauca,76895,Zarzal,OTROS,0.0
2021_2022,76000,Valle Del Cauca,76000,Valle Del Cauca,AHORRO,38032721756.14613
2021_2022,76000,Valle Del Cauca,76000,Valle Del Cauca,INVERSIÓN,192750567495.74844
2021_2022,76000,Valle Del Cauca,76000,Valle Del Cauca,OTROS,0.0
2021_2022,76000,Valle Del Cauca,76001,Cali,AHORRO,14632949465.51846
2021_2022,76000,Valle Del Cauca,76001,Cali,INVERSIÓN,238316879.12739846
2021_2022,76000,Valle Del Cauca,76001,Cali,OTROS,0.0
2021_2022,76000,Valle Del Cauca,76020,Alcalá,AHORRO,2131382.225604557
2021_2022,76000,Valle Del Cauca,76020,Alcalá,INVERSIÓN,1863836719.4505045
2021_2022,76000,Valle Del Cauca,76020,Alcalá,OTROS,0.0
2021_2022,76000,Valle Del Cauca,76036,Andalucía,AHORRO,31090196.840701368
2021_2022,76000,Valle Del Cauca,76036,Andalucía,INVERSIÓN,1381479417.9883826
2021_2022,76000,Valle Del Cauca,76036,Andalucía,OTROS,0.0
2021_2022,76000,Valle Del Cauca,76041,Ansermanuevo,AHORRO,92381329.73016225
2021_2022,76000,Valle Del Cauca,76041,Ansermanuevo,INVERSIÓN,1793839100.4436696
2021_2022,76000,Valle Del Cauca,76041,Ansermanuevo,OTROS,0.0
2021_2022,76000,Valle Del Cauca,76054,Argelia,AHORRO,4693592.483597019
2021_2022,76000,Valle Del Cauca,76054,Argelia,INVERSIÓN,1125355661.5252895
2021_2022,76000,Valle Del Cauca,76054,Argelia,OTROS,0.0
2021_2022,76000,Valle Del Cauca,76100,Bolívar,AHORRO,220350699.90509188
2021_2022,76000,Valle Del Cauca,76100,Bolívar,INVERSIÓN,1743136819.3503785
2021_2022,76000,Valle Del Cauca,76100,Bolívar,OTROS,0.0
2021_2022,76000,Valle Del Cauca,76109,Buenaventura,AHORRO,3801526148.671834
2021_2022,76000,Valle Del Cauca,76109,Buenaventura,INVERSIÓN,46209183046.85405
2021_2022,76000,Valle Del Cauca,76109,Buenaventura,OTROS,0.0
2021_2022,76000,Valle Del Cauca,76111,Guadalajara de Buga,AHORRO,701567862.2282298
2021_2022,76000,Valle Del Cauca,76111,Guadalajara de Buga,INVERSIÓN,1457925.0271151632
2021_2022,76000,Valle Del Cauca,76111,Guadalajara de Buga,OTROS,0.0
2021_2022,76000,Valle Del Cauca,76113,Bugalagrande,AHORRO,157697202.80558598
2021_2022,76000,Valle Del Cauca,76113,Bugalagrande,INVERSIÓN,1691180081.8294048
2021_2022,76000,Valle Del Cauca,76113,Bugalagrande,OTROS,0.0
2021_2022,76000,Valle Del Cauca,76122,Caicedonia,AHORRO,612268313.9503081
2021_2022,76000,Valle Del Cauca,76122,Caicedonia,INVERSIÓN,1773931084.0582907
2021_2022,76000,Valle Del Cauca,76122,Caicedonia,OTROS,0.0
2021_2022,76000,Valle Del Cauca,76126,Calima,AHORRO,577911446.6333373
2021_2022,76000,Valle Del Cauca,76126,Calima,INVERSIÓN,1350780105.4071448
2021_2022,76000,Valle Del Cauca,76126,Calima,OTROS,0.0
2021_2022,76000,Valle Del Cauca,76130,Candelaria,AHORRO,267186271.2391529
2021_2022,76000,Valle Del Cauca,76130,Candelaria,INVERSIÓN,3742615.7572276504
2021_2022,76000,Valle Del Cauca,76130,Candelaria,OTROS,0.0
2021_2022,76000,Valle Del Cauca,76147,Cartago,AHORRO,113092789.09686604
2021_2022,76000,Valle Del Cauca,76147,Cartago,INVERSIÓN,680394815.2872632
2021_2022,76000,Valle Del Cauca,76147,Cartago,OTROS,0.0
2021_2022,76000,Valle Del Cauca,76233,Dagua,AHORRO,100049196.55304343
2021_2022,76000,Valle Del Cauca,76233,Dagua,INVERSIÓN,2425995355.7989173
2021_2022,76000,Valle Del Cauca,76233,Dagua,OTROS,0.0
2021_2022,76000,Valle Del Cauca,76243,El Águila,AHORRO,61772933.400030136
2021_2022,76000,Valle Del Cauca,76243,El Águila,INVERSIÓN,1329581888.9982617
2021_2022,76000,Valle Del Cauca,76243,El Águila,OTROS,0.0
2021_2022,76000,Valle Del Cauca,76246,El Cairo,AHORRO,29539245.67009812
2021_2022,76000,Valle Del Cauca,76246,El Cairo,INVERSIÓN,1203428935.5587833
2021_2022,76000,Valle Del Cauca,76246,El Cairo,OTROS,0.0
2021_2022,76000,Valle Del Cauca,76248,El Cerrito,AHORRO,70954879.39752552
2021_2022,76000,Valle Del Cauca,76248,El Cerrito,INVERSIÓN,2851027005.434709
2021_2022,76000,Valle Del Cauca,76248,El Cerrito,OTROS,0.0
2021_2022,76000,Valle Del Cauca,76250,El Dovio,AHORRO,25800920.22996398
2021_2022,76000,Valle Del Cauca,76250,El Dovio,INVERSIÓN,1404149108.057028
2021_2022,76000,Valle Del Cauca,76250,El Dovio,OTROS,0.0
2021_2022,76000,Valle Del Cauca,76275,Florida,AHORRO,345226787.98714733
2021_2022,76000,Valle Del Cauca,76275,Florida,INVERSIÓN,3035178870.7994375
2021_2022,76000,Valle Del Cauca,76275,Florida,OTROS,0.0
2021_2022,76000,Valle Del Cauca,76306,Ginebra,AHORRO,10407677.599370107
2021_2022,76000,Valle Del Cauca,76306,Ginebra,INVERSIÓN,1592340372.671772
2021_2022,76000,Valle Del Cauca,76306,Ginebra,OTROS,0.0
2021_2022,76000,Valle Del Cauca,76318,Guacarí,AHORRO,2290890.695790157
2021_2022,76000,Valle Del Cauca,76318,Guacarí,INVERSIÓN,2239660274.2233977
2021_2022,76000,Valle Del Cauca,76318,Guacarí,OTROS,0.0
2021_2022,76000,Valle Del Cauca,76364,Jamundí,AHORRO,504114684.23158956
2021_2022,76000,Valle Del Cauca,76364,Jamundí,INVERSIÓN,780146572.2202747
2021_2022,76000,Valle Del Cauca,76364,Jamundí,OTROS,0.0
2021_2022,76000,Valle Del Cauca,76377,La Cumbre,AHORRO,40758669.40782739
2021_2022,76000,Valle Del Cauca,76377,La Cumbre,INVERSIÓN,1334887154.200586
2021_2022,76000,Valle Del Cauca,76377,La Cumbre,OTROS,0.0
2021_2022,76000,Valle Del Cauca,76400,La Unión,AHORRO,76580945.70045593
2021_2022,76000,Valle Del Cauca,76400,La Unión,INVERSIÓN,2275248644.5811205
2021_2022,76000,Valle Del Cauca,76400,La Unión,OTROS,0.0
2021_2022,76000,Valle Del Cauca,76403,La Victoria,AHORRO,2365040.9115154687
2021_2022,76000,Valle Del Cauca,76403,La Victoria,INVERSIÓN,1150348185.0389264
2021_2022,76000,Valle Del Cauca,76403,La Victoria,OTROS,0.0
2021_2022,76000,Valle Del Cauca,76497,Obando,AHORRO,62360539.68372837
2021_2022,76000,Valle Del Cauca,76497,Obando,INVERSIÓN,1555279613.4825406
2021_2022,76000,Valle Del Cauca,76497,Obando,OTROS,0.0
2021_2022,76000,Valle Del Cauca,76520,Palmira,AHORRO,2740652197.100407
2021_2022,76000,Valle Del Cauca,76520,Palmira,INVERSIÓN,3157656.8879976836
2021_2022,76000,Valle Del Cauca,76520,Palmira,OTROS,0.0
2021_2022,76000,Valle Del Cauca,76563,Pradera,AHORRO,130314296.09706987
2021_2022,76000,Valle Del Cauca,76563,Pradera,INVERSIÓN,3130552955.6188836
2021_2022,76000,Valle Del Cauca,76563,Pradera,OTROS,0.0
2021_2022,76000,Valle Del Cauca,76606,Restrepo,AHORRO,33072068.38164473
2021_2022,76000,Valle Del Cauca,76606,Restrepo,INVERSIÓN,1387289430.1199176
2021_2022,76000,Valle Del Cauca,76606,Restrepo,OTROS,0.0
2021_2022,76000,Valle Del Cauca,76616,Riofrío,AHORRO,361286953.3893767
2021_2022,76000,Valle Del Cauca,76616,Riofrío,INVERSIÓN,1368298135.9651902
2021_2022,76000,Valle Del Cauca,76616,Riofrío,OTROS,0.0
2021_2022,76000,Valle Del Cauca,76622,Roldanillo,AHORRO,262616472.5541157
2021_2022,76000,Valle Del Cauca,76622,Roldanillo,INVERSIÓN,1973003240.8396647
2021_2022,76000,Valle Del Cauca,76622,Roldanillo,OTROS,0.0
2021_2022,76000,Valle Del Cauca,76670,San Pedro,AHORRO,7959313.185610778
2021_2022,76000,Valle Del Cauca,76670,San Pedro,INVERSIÓN,1391253076.918426
2021_2022,76000,Valle Del Cauca,76670,San Pedro,OTROS,0.0
2021_2022,76000,Valle Del Cauca,76736,Sevilla,AHORRO,143731988.2724406
2021_2022,76000,Valle Del Cauca,76736,Sevilla,INVERSIÓN,2370830521.0985365
2021_2022,76000,Valle Del Cauca,76736,Sevilla,OTROS,0.0
2021_2022,76000,Valle Del Cauca,76823,Toro,AHORRO,98975145.91649732
2021_2022,76000,Valle Del Cauca,76823,Toro,INVERSIÓN,1618991423.1555789
2021_2022,76000,Valle Del Cauca,76823,Toro,OTROS,0.0
2021_2022,76000,Valle Del Cauca,76828,Trujillo,AHORRO,47742735.962352715
2021_2022,76000,Valle Del Cauca,76828,Trujillo,INVERSIÓN,1849123012.0597553
2021_2022,76000,Valle Del Cauca,76828,Trujillo,OTROS,0.0
2021_2022,76000,Valle Del Cauca,76834,Tuluá,AHORRO,151399605.4216362
2021_2022,76000,Valle Del Cauca,76834,Tuluá,INVERSIÓN,1527123.6577985308
2021_2022,76000,Valle Del Cauca,76834,Tuluá,OTROS,0.0
2021_2022,76000,Valle Del Cauca,76845,Ulloa,AHORRO,7985065.133251166
2021_2022,76000,Valle Del Cauca,76845,Ulloa,INVERSIÓN,776241818.0237687
2021_2022,76000,Valle Del Cauca,76845,Ulloa,OTROS,0.0
2021_2022,76000,Valle Del Cauca,76863,Versalles,AHORRO,18603030.334011674
2021_2022,76000,Valle Del Cauca,76863,Versalles,INVERSIÓN,993765192.8533238
2021_2022,76000,Valle Del Cauca,76863,Versalles,OTROS,0.0
2021_2022,76000,Valle Del Cauca,76869,Vijes,AHORRO,15013659.978652185
2021_2022,76000,Valle Del Cauca,76869,Vijes,INVERSIÓN,1187024288.0878298
2021_2022,76000,Valle Del Cauca,76869,Vijes,OTROS,0.0
2021_2022,76000,Valle Del Cauca,76890,Yotoco,AHORRO,34650529.576031365
2021_2022,76000,Valle Del Cauca,76890,Yotoco,INVERSIÓN,1542506012.4685209
2021_2022,76000,Valle Del Cauca,76890,Yotoco,OTROS,0.0
2021_2022,76000,Valle Del Cauca,76892,Yumbo,AHORRO,1612815522.7557046
2021_2022,76000,Valle Del Cauca,76892,Yumbo,INVERSIÓN,182761846.80704898
2021_2022,76000,Valle Del Cauca,76892,Yumbo,OTROS,0.0
2021_2022,76000,Valle Del Cauca,76895,Zarzal,AHORRO,101094692.86559285
2021_2022,76000,Valle Del Cauca,76895,Zarzal,INVERSIÓN,2431899745.0435963
2021_2022,76000,Valle Del Cauca,76895,Zarzal,OTROS,0.0
2023_2024,76000,Valle Del Cauca,76000,Valle Del Cauca,AHORRO,62679809983.71301
2023_2024,76000,Valle Del Cauca,76000,Valle Del Cauca,INVERSIÓN,210855576484.5638
2023_2024,76000,Valle Del Cauca,76000,Valle Del Cauca,MEDIDAS AHORRO,94513495800.84917
2023_2024,76000,Valle Del Cauca,76000,Valle Del Cauca,MEDIDAS INVERSIÓN,1883068676.7871702
2023_2024,76000,Valle Del Cauca,76000,Valle Del Cauca,MEDIDAS OTROS,0.0
2023_2024,76000,Valle Del Cauca,76000,Valle Del Cauca,OTROS,0.0
2023_2024,76000,Valle Del Cauca,76000,Valle Del Cauca,RECAUDO CORRIENTE NO AFORADO,0.0
2023_2024,76000,Valle Del Cauca,76001,Cali,AHORRO,24400786334.457
2023_2024,76000,Valle Del Cauca,76001,Cali,INVERSIÓN,83377624.36539
2023_2024,76000,Valle Del Cauca,76001,Cali,MEDIDAS AHORRO,839601.0360000001
2023_2024,76000,Valle Del Cauca,76001,Cali,MEDIDAS INVERSIÓN,155996941.70200002
2023_2024,76000,Valle Del Cauca,76001,Cali,MEDIDAS OTROS,0.0
2023_2024,76000,Valle Del Cauca,76001,Cali,OTROS,0.0
2023_2024,76000,Valle Del Cauca,76001,Cali,RECAUDO CORRIENTE NO AFORADO,0.0
2023_2024,76000,Valle Del Cauca,76020,Alcalá,AHORRO,38956842.252
2023_2024,76000,Valle Del Cauca,76020,Alcalá,INVERSIÓN,2415145781.361
2023_2024,76000,Valle Del Cauca,76020,Alcalá,MEDIDAS AHORRO,1340.3000000000002
2023_2024,76000,Valle Del Cauca,76020,Alcalá,MEDIDAS INVERSIÓN,616029335.28256
2023_2024,76000,Valle Del Cauca,76020,Alcalá,MEDIDAS OTROS,0.0
2023_2024,76000,Valle Del Cauca,76020,Alcalá,OTROS,0.0
2023_2024,76000,Valle Del Cauca,76020,Alcalá,RECAUDO CORRIENTE NO AFORADO,0.0
2023_2024,76000,Valle Del Cauca,76036,Andalucía,AHORRO,48354568.08800001
2023_2024,76000,Valle Del Cauca,76036,Andalucía,INVERSIÓN,1920977374.1380801
2023_2024,76000,Valle Del Cauca,76036,Andalucía,MEDIDAS AHORRO,1664.034
2023_2024,76000,Valle Del Cauca,76036,Andalucía,MEDIDAS INVERSIÓN,490344458.6786601
2023_2024,76000,Valle Del Cauca,76036,Andalucía,MEDIDAS OTROS,0.0
2023_2024,76000,Valle Del Cauca,76036,Andalucía,OTROS,0.0
2023_2024,76000,Valle Del Cauca,76036,Andalucía,RECAUDO CORRIENTE NO AFORADO,0.0
2023_2024,76000,Valle Del Cauca,76041,Ansermanuevo,AHORRO,144263574.032
2023_2024,76000,Valle Del Cauca,76041,Ansermanuevo,INVERSIÓN,2779100598.55928
2023_2024,76000,Valle Del Cauca,76041,Ansermanuevo,MEDIDAS AHORRO,4964.265
2023_2024,76000,Valle Del Cauca,76041,Ansermanuevo,MEDIDAS INVERSIÓN,716658661.3165601
2023_2024,76000,Valle Del Cauca,76041,Ansermanuevo,MEDIDAS OTROS,0.0
2023_2024,76000,Valle Del Cauca,76041,Ansermanuevo,OTROS,0.0
2023_2024,76000,Valle Del Cauca,76041,Ansermanuevo,RECAUDO CORRIENTE NO AFORADO,0.0
2023_2024,76000,Valle Del Cauca,76054,Argelia,AHORRO,11367008.006
2023_2024,76000,Valle Del Cauca,76054,Argelia,INVERSIÓN,1929050163.2350001
2023_2024,76000,Valle Del Cauca,76054,Argelia,MEDIDAS AHORRO,390.749
2023_2024,76000,Valle Del Cauca,76054,Argelia,MEDIDAS INVERSIÓN,497751241.86977
2023_2024,76000,Valle Del Cauca,76054,Argelia,MEDIDAS OTROS,0.0
2023_2024,76000,Valle Del Cauca,76054,Argelia,OTROS,0.0
2023_2024,76000,Valle Del Cauca,76054,Argelia,RECAUDO CORRIENTE NO AFORADO,0.0
2023_2024,76000,Valle Del Cauca,76100,Bolívar,AHORRO,358732401.263
2023_2024,76000,Valle Del Cauca,76100,Bolívar,INVERSIÓN,3024770150.5231905
2023_2024,76000,Valle Del Cauca,76100,Bolívar,MEDIDAS AHORRO,12343.132
2023_2024,76000,Valle Del Cauca,76100,Bolívar,MEDIDAS INVERSIÓN,770568744.7891899
2023_2024,76000,Valle Del Cauca,76100,Bolívar,MEDIDAS OTROS,0.0
2023_2024,76000,Valle Del Cauca,76100,Bolívar,OTROS,0.0
2023_2024,76000,Valle Del Cauca,76100,Bolívar,RECAUDO CORRIENTE NO AFORADO,0.0
2023_2024,76000,Valle Del Cauca,76109,Buenaventura,AHORRO,6318796511.6
2023_2024,76000,Valle Del Cauca,76109,Buenaventura,INVERSIÓN,26647316301.743362
2023_2024,76000,Valle Del Cauca,76109,Buenaventura,MEDIDAS AHORRO,217422.43500000003
2023_2024,76000,Valle Del Cauca,76109,Buenaventura,MEDIDAS INVERSIÓN,8746327391.063372
2023_2024,76000,Valle Del Cauca,76109,Buenaventura,MEDIDAS OTROS,0.0
2023_2024,76000,Valle Del Cauca,76109,Buenaventura,OTROS,0.0
2023_2024,76000,Valle Del Cauca,76109,Buenaventura,RECAUDO CORRIENTE NO AFORADO,0.0
2023_2024,76000,Valle Del Cauca,76111,Guadalajara de Buga,AHORRO,1180524279.3690002
2023_2024,76000,Valle Del Cauca,76111,Guadalajara de Buga,INVERSIÓN,758043.19333
2023_2024,76000,Valle Del Cauca,76111,Guadalajara de Buga,MEDIDAS AHORRO,40620.369000000006
2023_2024,76000,Valle Del Cauca,76111,Guadalajara de Buga,MEDIDAS INVERSIÓN,4217901.4180000005
2023_2024,76000,Valle Del Cauca,76111,Guadalajara de Buga,MEDIDAS OTROS,0.0
2023_2024,76000,Valle Del Cauca,76111,Guadalajara de Buga,OTROS,0.0
2023_2024,76000,Valle Del Cauca,76111,Guadalajara de Buga,RECAUDO CORRIENTE NO AFORADO,0.0
2023_2024,76000,Valle Del Cauca,76113,Bugalagrande,AHORRO,192668948.769
2023_2024,76000,Valle Del Cauca,76113,Bugalagrande,INVERSIÓN,2809613007.5980005
2023_2024,76000,Valle Del Cauca,76113,Bugalagrande,MEDIDAS AHORRO,6629.330000000001
2023_2024,76000,Valle Del Cauca,76113,Bugalagrande,MEDIDAS INVERSIÓN,718182147.48921
2023_2024,76000,Valle Del Cauca,76113,Bugalagrande,MEDIDAS OTROS,0.0
2023_2024,76000,Valle Del Cauca,76113,Bugalagrande,OTROS,0.0
2023_2024,76000,Valle Del Cauca,76113,Bugalagrande,RECAUDO CORRIENTE NO AFORADO,0.0
2023_2024,76000,Valle Del Cauca,76122,Caicedonia,AHORRO,1021046603.311
2023_2024,76000,Valle Del Cauca,76122,Caicedonia,INVERSIÓN,2652742288.69464
2023_2024,76000,Valle Del Cauca,76122,Caicedonia,MEDIDAS AHORRO,35133.387
2023_2024,76000,Valle Del Cauca,76122,Caicedonia,MEDIDAS INVERSIÓN,681074579.63612
2023_2024,76000,Valle Del Cauca,76122,Caicedonia,MEDIDAS OTROS,0.0
2023_2024,76000,Valle Del Cauca,76122,Caicedonia,OTROS,0.0
2023_2024,76000,Valle Del Cauca,76122,Caicedonia,RECAUDO CORRIENTE NO AFORADO,0.0
2023_2024,76000,Valle Del Cauca,76126,Calima,AHORRO,859987641.3130001
2023_2024,76000,Valle Del Cauca,76126,Calima,INVERSIÓN,2243141496.543
2023_2024,76000,Valle Del Cauca,76126,Calima,MEDIDAS AHORRO,29590.731000000003
2023_2024,76000,Valle Del Cauca,76126,Calima,MEDIDAS INVERSIÓN,573489809.6932701
2023_2024,76000,Valle Del Cauca,76126,Calima,MEDIDAS OTROS,0.0
2023_2024,76000,Valle Del Cauca,76126,Calima,OTROS,0.0
2023_2024,76000,Valle Del Cauca,76126,Calima,RECAUDO CORRIENTE NO AFORADO,0.0
2023_2024,76000,Valle Del Cauca,76130,Candelaria,AHORRO,247672945.17100003
2023_2024,76000,Valle Del Cauca,76130,Candelaria,INVERSIÓN,428111.2749700001
2023_2024,76000,Valle Del Cauca,76130,Candelaria,MEDIDAS AHORRO,8522.246000000001
2023_2024,76000,Valle Del Cauca,76130,Candelaria,MEDIDAS INVERSIÓN,54359287.327070005
2023_2024,76000,Valle Del Cauca,76130,Candelaria,MEDIDAS OTROS,0.0
2023_2024,76000,Valle Del Cauca,76130,Candelaria,OTROS,0.0
2023_2024,76000,Valle Del Cauca,76130,Candelaria,RECAUDO CORRIENTE NO AFORADO,0.0
2023_2024,76000,Valle Del Cauca,76147,Cartago,AHORRO,208116667.147
2023_2024,76000,Valle Del Cauca,76147,Cartago,INVERSIÓN,3775711590.8271303
2023_2024,76000,Valle Del Cauca,76147,Cartago,MEDIDAS AHORRO,7161.326000000001
2023_2024,76000,Valle Del Cauca,76147,Cartago,MEDIDAS INVERSIÓN,967772440.1537999
2023_2024,76000,Valle Del Cauca,76147,Cartago,MEDIDAS OTROS,0.0
2023_2024,76000,Valle Del Cauca,76147,Cartago,OTROS,0.0
2023_2024,76000,Valle Del Cauca,76147,Cartago,RECAUDO CORRIENTE NO AFORADO,0.0
2023_2024,76000,Valle Del Cauca,76233,Dagua,AHORRO,201203426.55300003
2023_2024,76000,Valle Del Cauca,76233,Dagua,INVERSIÓN,3816507621.3700004
2023_2024,76000,Valle Del Cauca,76233,Dagua,MEDIDAS AHORRO,6923.165000000001
2023_2024,76000,Valle Del Cauca,76233,Dagua,MEDIDAS INVERSIÓN,975121724.91824
2023_2024,76000,Valle Del Cauca,76233,Dagua,MEDIDAS OTROS,0.0
2023_2024,76000,Valle Del Cauca,76233,Dagua,OTROS,0.0
2023_2024,76000,Valle Del Cauca,76233,Dagua,RECAUDO CORRIENTE NO AFORADO,0.0
2023_2024,76000,Valle Del Cauca,76243,El Águila,AHORRO,98901741.194
2023_2024,76000,Valle Del Cauca,76243,El Águila,INVERSIÓN,2190322401.9806404
2023_2024,76000,Valle Del Cauca,76243,El Águila,MEDIDAS AHORRO,3403.331
2023_2024,76000,Valle Del Cauca,76243,El Águila,MEDIDAS INVERSIÓN,559536533.888
2023_2024,76000,Valle Del Cauca,76243,El Águila,MEDIDAS OTROS,0.0
2023_2024,76000,Valle Del Cauca,76243,El Águila,OTROS,0.0
2023_2024,76000,Valle Del Cauca,76243,El Águila,RECAUDO CORRIENTE NO AFORADO,0.0
2023_2024,76000,Valle Del Cauca,76246,El Cairo,AHORRO,71675888.09500001
2023_2024,76000,Valle Del Cauca,76246,El Cairo,INVERSIÓN,1821599781.4100003
2023_2024,76000,Valle Del Cauca,76246,El Cairo,MEDIDAS AHORRO,2466.152
2023_2024,76000,Valle Del Cauca,76246,El Cairo,MEDIDAS INVERSIÓN,464634023.80615
2023_2024,76000,Valle Del Cauca,76246,El Cairo,MEDIDAS OTROS,0.0
2023_2024,76000,Valle Del Cauca,76246,El Cairo,OTROS,0.0
2023_2024,76000,Valle Del Cauca,76246,El Cairo,RECAUDO CORRIENTE NO AFORADO,0.0
2023_2024,76000,Valle Del Cauca,76248,El Cerrito,AHORRO,105688304.88
2023_2024,76000,Valle Del Cauca,76248,El Cerrito,INVERSIÓN,3050163153.1770005
2023_2024,76000,Valle Del Cauca,76248,El Cerrito,MEDIDAS AHORRO,3636.337
2023_2024,76000,Valle Del Cauca,76248,El Cerrito,MEDIDAS INVERSIÓN,778459007.4812901
2023_2024,76000,Valle Del Cauca,76248,El Cerrito,MEDIDAS OTROS,0.0
2023_2024,76000,Valle Del Cauca,76248,El Cerrito,OTROS,0.0
2023_2024,76000,Valle Del Cauca,76248,El Cerrito,RECAUDO CORRIENTE NO AFORADO,0.0
2023_2024,76000,Valle Del Cauca,76250,El Dovio,AHORRO,44235645.763
2023_2024,76000,Valle Del Cauca,76250,El Dovio,INVERSIÓN,2449635809.9270005
2023_2024,76000,Valle Del Cauca,76250,El Dovio,MEDIDAS AHORRO,1521.756
2023_2024,76000,Valle Del Cauca,76250,El Dovio,MEDIDAS INVERSIÓN,631159018.8120501
2023_2024,76000,Valle Del Cauca,76250,El Dovio,MEDIDAS OTROS,0.0
2023_2024,76000,Valle Del Cauca,76250,El Dovio,OTROS,0.0
2023_2024,76000,Valle Del Cauca,76250,El Dovio,RECAUDO CORRIENTE NO AFORADO,0.0
2023_2024,76000,Valle Del Cauca,76275,Florida,AHORRO,555887632.0910001
2023_2024,76000,Valle Del Cauca,76275,Florida,INVERSIÓN,3528978743.7058105
2023_2024,76000,Valle Del Cauca,76275,Florida,MEDIDAS AHORRO,19127.112
2023_2024,76000,Valle Del Cauca,76275,Florida,MEDIDAS INVERSIÓN,900348780.4156001
2023_2024,76000,Valle Del Cauca,76275,Florida,MEDIDAS OTROS,0.0
2023_2024,76000,Valle Del Cauca,76275,Florida,OTROS,0.0
2023_2024,76000,Valle Del Cauca,76275,Florida,RECAUDO CORRIENTE NO AFORADO,0.0
2023_2024,76000,Valle Del Cauca,76306,Ginebra,AHORRO,8942879.566000002
2023_2024,76000,Valle Del Cauca,76306,Ginebra,INVERSIÓN,1961199406.308
2023_2024,76000,Valle Del Cauca,76306,Ginebra,MEDIDAS AHORRO,307.23800000000006
2023_2024,76000,Valle Del Cauca,76306,Ginebra,MEDIDAS INVERSIÓN,522500721.0058601
2023_2024,76000,Valle Del Cauca,76306,Ginebra,MEDIDAS OTROS,0.0
2023_2024,76000,Valle Del Cauca,76306,Ginebra,OTROS,0.0
2023_2024,76000,Valle Del Cauca,76306,Ginebra,RECAUDO CORRIENTE NO AFORADO,0.0
2023_2024,76000,Valle Del Cauca,76318,Guacarí,AHORRO,25655212.234
2023_2024,76000,Valle Del Cauca,76318,Guacarí,INVERSIÓN,2544368089.176
2023_2024,76000,Valle Del Cauca,76318,Guacarí,MEDIDAS AHORRO,882.5360000000001
2023_2024,76000,Valle Del Cauca,76318,Guacarí,MEDIDAS INVERSIÓN,649795834.74115
2023_2024,76000,Valle Del Cauca,76318,Guacarí,MEDIDAS OTROS,0.0
2023_2024,76000,Valle Del Cauca,76318,Guacarí,OTROS,0.0
2023_2024,76000,Valle Del Cauca,76318,Guacarí,RECAUDO CORRIENTE NO AFORADO,0.0
2023_2024,76000,Valle Del Cauca,76364,Jamundí,AHORRO,850609641.6
2023_2024,76000,Valle Del Cauca,76364,Jamundí,INVERSIÓN,144870532.98007
2023_2024,76000,Valle Del Cauca,76364,Jamundí,MEDIDAS AHORRO,29268.028
2023_2024,76000,Valle Del Cauca,76364,Jamundí,MEDIDAS INVERSIÓN,141799710.08906
2023_2024,76000,Valle Del Cauca,76364,Jamundí,MEDIDAS OTROS,0.0
2023_2024,76000,Valle Del Cauca,76364,Jamundí,OTROS,0.0
2023_2024,76000,Valle Del Cauca,76364,Jamundí,RECAUDO CORRIENTE NO AFORADO,0.0
2023_2024,76000,Valle Del Cauca,76377,La Cumbre,AHORRO,36977453.189
2023_2024,76000,Valle Del Cauca,76377,La Cumbre,INVERSIÓN,2226471414.74988
2023_2024,76000,Valle Del Cauca,76377,La Cumbre,MEDIDAS AHORRO,1272.254
2023_2024,76000,Valle Del Cauca,76377,La Cumbre,MEDIDAS INVERSIÓN,567889761.52146
2023_2024,76000,Valle Del Cauca,76377,La Cumbre,MEDIDAS OTROS,0.0
2023_2024,76000,Valle Del Cauca,76377,La Cumbre,OTROS,0.0
2023_2024,76000,Valle Del Cauca,76377,La Cumbre,RECAUDO CORRIENTE NO AFORADO,0.0
2023_2024,76000,Valle Del Cauca,76400,La Unión,AHORRO,79731443.69700001
2023_2024,76000,Valle Del Cauca,76400,La Unión,INVERSIÓN,2945575801.7810307
2023_2024,76000,Valle Del Cauca,76400,La Unión,MEDIDAS AHORRO,2743.4910000000004
2023_2024,76000,Valle Del Cauca,76400,La Unión,MEDIDAS INVERSIÓN,751374317.5723
2023_2024,76000,Valle Del Cauca,76400,La Unión,MEDIDAS OTROS,0.0
2023_2024,76000,Valle Del Cauca,76400,La Unión,OTROS,0.0
2023_2024,76000,Valle Del Cauca,76400,La Unión,RECAUDO CORRIENTE NO AFORADO,0.0
2023_2024,76000,Valle Del Cauca,76403,La Victoria,AHORRO,39850004.769
2023_2024,76000,Valle Del Cauca,76403,La Victoria,INVERSIÓN,1844705767.788
2023_2024,76000,Valle Del Cauca,76403,La Victoria,MEDIDAS AHORRO,1371.23
2023_2024,76000,Valle Del Cauca,76403,La Victoria,MEDIDAS INVERSIÓN,475224527.23383003
2023_2024,76000,Valle Del Cauca,76403,La Victoria,MEDIDAS OTROS,0.0
2023_2024,76000,Valle Del Cauca,76403,La Victoria,OTROS,0.0
2023_2024,76000,Valle Del Cauca,76403,La Victoria,RECAUDO CORRIENTE NO AFORADO,0.0
2023_2024,76000,Valle Del Cauca,76497,Obando,AHORRO,96509233.524
2023_2024,76000,Valle Del Cauca,76497,Obando,INVERSIÓN,2336816292.495
2023_2024,76000,Valle Del Cauca,76497,Obando,MEDIDAS AHORRO,3320.851
2023_2024,76000,Valle Del Cauca,76497,Obando,MEDIDAS INVERSIÓN,596349767.8917401
2023_2024,76000,Valle Del Cauca,76497,Obando,MEDIDAS OTROS,0.0
2023_2024,76000,Valle Del Cauca,76497,Obando,OTROS,0.0
2023_2024,76000,Valle Del Cauca,76497,Obando,RECAUDO CORRIENTE NO AFORADO,0.0
2023_2024,76000,Valle Del Cauca,76520,Palmira,AHORRO,4523789465.778001
2023_2024,76000,Valle Del Cauca,76520,Palmira,INVERSIÓN,6627770.097000001
2023_2024,76000,Valle Del Cauca,76520,Palmira,MEDIDAS AHORRO,155658.31800000003
2023_2024,76000,Valle Del Cauca,76520,Palmira,MEDIDAS INVERSIÓN,3587288.44313
2023_2024,76000,Valle Del Cauca,76520,Palmira,MEDIDAS OTROS,0.0
2023_2024,76000,Valle Del Cauca,76520,Palmira,OTROS,0.0
2023_2024,76000,Valle Del Cauca,76520,Palmira,RECAUDO CORRIENTE NO AFORADO,0.0
2023_2024,76000,Valle Del Cauca,76563,Pradera,AHORRO,199638514.955
2023_2024,76000,Valle Del Cauca,76563,Pradera,INVERSIÓN,3666280850.5620003
2023_2024,76000,Valle Del Cauca,76563,Pradera,MEDIDAS AHORRO,6869.553000000001
2023_2024,76000,Valle Del Cauca,76563,Pradera,MEDIDAS INVERSIÓN,935157304.2540901
2023_2024,76000,Valle Del Cauca,76563,Pradera,MEDIDAS OTROS,0.0
2023_2024,76000,Valle Del Cauca,76563,Pradera,OTROS,0.0
2023_2024,76000,Valle Del Cauca,76563,Pradera,RECAUDO CORRIENTE NO AFORADO,0.0
2023_2024,76000,Valle Del Cauca,76606,Restrepo,AHORRO,75667658.221
2023_2024,76000,Valle Del Cauca,76606,Restrepo,INVERSIÓN,2162060692.418
2023_2024,76000,Valle Del Cauca,76606,Restrepo,MEDIDAS AHORRO,2603.275
2023_2024,76000,Valle Del Cauca,76606,Restrepo,MEDIDAS INVERSIÓN,551564687.1967599
2023_2024,76000,Valle Del Cauca,76606,Restrepo,MEDIDAS OTROS,0.0
2023_2024,76000,Valle Del Cauca,76606,Restrepo,OTROS,0.0
2023_2024,76000,Valle Del Cauca,76606,Restrepo,RECAUDO CORRIENTE NO AFORADO,0.0
2023_2024,76000,Valle Del Cauca,76616,Riofrío,AHORRO,136268256.66700003
2023_2024,76000,Valle Del Cauca,76616,Riofrío,INVERSIÓN,2163644580.602
2023_2024,76000,Valle Del Cauca,76616,Riofrío,MEDIDAS AHORRO,4688.988
2023_2024,76000,Valle Del Cauca,76616,Riofrío,MEDIDAS INVERSIÓN,555436745.26309
2023_2024,76000,Valle Del Cauca,76616,Riofrío,MEDIDAS OTROS,0.0
2023_2024,76000,Valle Del Cauca,76616,Riofrío,OTROS,0.0
2023_2024,76000,Valle Del Cauca,76616,Riofrío,RECAUDO CORRIENTE NO AFORADO,0.0
2023_2024,76000,Valle Del Cauca,76622,Roldanillo,AHORRO,432738644.224
2023_2024,76000,Valle Del Cauca,76622,Roldanillo,INVERSIÓN,2332925644.84914
2023_2024,76000,Valle Del Cauca,76622,Roldanillo,MEDIDAS AHORRO,14889.702
2023_2024,76000,Valle Del Cauca,76622,Roldanillo,MEDIDAS INVERSIÓN,599356874.74562
2023_2024,76000,Valle Del Cauca,76622,Roldanillo,MEDIDAS OTROS,0.0
2023_2024,76000,Valle Del Cauca,76622,Roldanillo,OTROS,0.0
2023_2024,76000,Valle Del Cauca,76622,Roldanillo,RECAUDO CORRIENTE NO AFORADO,0.0
2023_2024,76000,Valle Del Cauca,76670,San Pedro,AHORRO,12983758.284000002
2023_2024,76000,Valle Del Cauca,76670,San Pedro,INVERSIÓN,2001685351.4660003
2023_2024,76000,Valle Del Cauca,76670,San Pedro,MEDIDAS AHORRO,446.42300000000006
2023_2024,76000,Valle Del Cauca,76670,San Pedro,MEDIDAS INVERSIÓN,510568308.37276
2023_2024,76000,Valle Del Cauca,76670,San Pedro,MEDIDAS OTROS,0.0
2023_2024,76000,Valle Del Cauca,76670,San Pedro,OTROS,0.0
2023_2024,76000,Valle Del Cauca,76670,San Pedro,RECAUDO CORRIENTE NO AFORADO,0.0
2023_2024,76000,Valle Del Cauca,76736,Sevilla,AHORRO,389125592.555
2023_2024,76000,Valle Del Cauca,76736,Sevilla,INVERSIÓN,3404621896.542001
2023_2024,76000,Valle Del Cauca,76736,Sevilla,MEDIDAS AHORRO,13389.597000000002
2023_2024,76000,Valle Del Cauca,76736,Sevilla,MEDIDAS INVERSIÓN,880872309.6941601
2023_2024,76000,Valle Del Cauca,76736,Sevilla,MEDIDAS OTROS,0.0
2023_2024,76000,Valle Del Cauca,76736,Sevilla,OTROS,0.0
2023_2024,76000,Valle Del Cauca,76736,Sevilla,RECAUDO CORRIENTE NO AFORADO,0.0
2023_2024,76000,Valle Del Cauca,76823,Toro,AHORRO,142829893.26900002
2023_2024,76000,Valle Del Cauca,76823,Toro,INVERSIÓN,2322504353.616
2023_2024,76000,Valle Del Cauca,76823,Toro,MEDIDAS AHORRO,4914.777
2023_2024,76000,Valle Del Cauca,76823,Toro,MEDIDAS INVERSIÓN,592399360.0011001
2023_2024,76000,Valle Del Cauca,76823,Toro,MEDIDAS OTROS,0.0
2023_2024,76000,Valle Del Cauca,76823,Toro,OTROS,0.0
2023_2024,76000,Valle Del Cauca,76823,Toro,RECAUDO CORRIENTE NO AFORADO,0.0
2023_2024,76000,Valle Del Cauca,76828,Trujillo,AHORRO,57822108.08900001
2023_2024,76000,Valle Del Cauca,76828,Trujillo,INVERSIÓN,3144356956.591
2023_2024,76000,Valle Del Cauca,76828,Trujillo,MEDIDAS AHORRO,1989.83
2023_2024,76000,Valle Del Cauca,76828,Trujillo,MEDIDAS INVERSIÓN,802886510.53424
2023_2024,76000,Valle Del Cauca,76828,Trujillo,MEDIDAS OTROS,0.0
2023_2024,76000,Valle Del Cauca,76828,Trujillo,OTROS,0.0
2023_2024,76000,Valle Del Cauca,76828,Trujillo,RECAUDO CORRIENTE NO AFORADO,0.0
2023_2024,76000,Valle Del Cauca,76834,Tuluá,AHORRO,304387144.78400004
2023_2024,76000,Valle Del Cauca,76834,Tuluá,INVERSIÓN,820533.7220000001
2023_2024,76000,Valle Del Cauca,76834,Tuluá,MEDIDAS AHORRO,10473.929
2023_2024,76000,Valle Del Cauca,76834,Tuluá,MEDIDAS INVERSIÓN,2546723.74272
2023_2024,76000,Valle Del Cauca,76834,Tuluá,MEDIDAS OTROS,0.0
2023_2024,76000,Valle Del Cauca,76834,Tuluá,OTROS,0.0
2023_2024,76000,Valle Del Cauca,76834,Tuluá,RECAUDO CORRIENTE NO AFORADO,0.0
2023_2024,76000,Valle Del Cauca,76845,Ulloa,AHORRO,18371885.942
2023_2024,76000,Valle Del Cauca,76845,Ulloa,INVERSIÓN,1298452216.221
2023_2024,76000,Valle Del Cauca,76845,Ulloa,MEDIDAS AHORRO,632.003
2023_2024,76000,Valle Del Cauca,76845,Ulloa,MEDIDAS INVERSIÓN,331195186.25679
2023_2024,76000,Valle Del Cauca,76845,Ulloa,MEDIDAS OTROS,0.0
2023_2024,76000,Valle Del Cauca,76845,Ulloa,OTROS,0.0
2023_2024,76000,Valle Del Cauca,76845,Ulloa,RECAUDO CORRIENTE NO AFORADO,0.0
2023_2024,76000,Valle Del Cauca,76863,Versalles,AHORRO,52417665.887
2023_2024,76000,Valle Del Cauca,76863,Versalles,INVERSIÓN,1697936957.5770001
2023_2024,76000,Valle Del Cauca,76863,Versalles,MEDIDAS AHORRO,1803.2190000000005
2023_2024,76000,Valle Del Cauca,76863,Versalles,MEDIDAS INVERSIÓN,433091445.7225
2023_2024,76000,Valle Del Cauca,76863,Versalles,MEDIDAS OTROS,0.0
2023_2024,76000,Valle Del Cauca,76863,Versalles,OTROS,0.0
2023_2024,76000,Valle Del Cauca,76863,Versalles,RECAUDO CORRIENTE NO AFORADO,0.0
2023_2024,76000,Valle Del Cauca,76869,Vijes,AHORRO,24273006.208
2023_2024,76000,Valle Del Cauca,76869,Vijes,INVERSIÓN,1737234794.26395
2023_2024,76000,Valle Del Cauca,76869,Vijes,MEDIDAS AHORRO,835.1100000000001
2023_2024,76000,Valle Del Cauca,76869,Vijes,MEDIDAS INVERSIÓN,456370893.94301
2023_2024,76000,Valle Del Cauca,76869,Vijes,MEDIDAS OTROS,0.0
2023_2024,76000,Valle Del Cauca,76869,Vijes,OTROS,0.0
2023_2024,76000,Valle Del Cauca,76869,Vijes,RECAUDO CORRIENTE NO AFORADO,0.0
2023_2024,76000,Valle Del Cauca,76890,Yotoco,AHORRO,87201542.856
2023_2024,76000,Valle Del Cauca,76890,Yotoco,INVERSIÓN,2153451202.12576
2023_2024,76000,Valle Del Cauca,76890,Yotoco,MEDIDAS AHORRO,3000.2100000000005
2023_2024,76000,Valle Del Cauca,76890,Yotoco,MEDIDAS INVERSIÓN,551308195.5425701
2023_2024,76000,Valle Del Cauca,76890,Yotoco,MEDIDAS OTROS,0.0
2023_2024,76000,Valle Del Cauca,76890,Yotoco,OTROS,0.0
2023_2024,76000,Valle Del Cauca,76890,Yotoco,RECAUDO CORRIENTE NO AFORADO,0.0
2023_2024,76000,Valle Del Cauca,76892,Yumbo,AHORRO,2013447082.977
2023_2024,76000,Valle Del Cauca,76892,Yumbo,INVERSIÓN,185811487.337
2023_2024,76000,Valle Del Cauca,76892,Yumbo,MEDIDAS AHORRO,69280.107
2023_2024,76000,Valle Del Cauca,76892,Yumbo,MEDIDAS INVERSIÓN,169952041.73805
2023_2024,76000,Valle Del Cauca,76892,Yumbo,MEDIDAS OTROS,0.0
2023_2024,76000,Valle Del Cauca,76892,Yumbo,OTROS,0.0
2023_2024,76000,Valle Del Cauca,76892,Yumbo,RECAUDO CORRIENTE NO AFORADO,0.0
2023_2024,76000,Valle Del Cauca,76895,Zarzal,AHORRO,145542532.625
2023_2024,76000,Valle Del Cauca,76895,Zarzal,INVERSIÓN,2534042006.5245204
2023_2024,76000,Valle Del Cauca,76895,Zarzal,MEDIDAS AHORRO,5007.567000000001
2023_2024,76000,Valle Del Cauca,76895,Zarzal,MEDIDAS INVERSIÓN,646817394.16181
2023_2024,76000,Valle Del Cauca,76895,Zarzal,MEDIDAS OTROS,0.0
2023_2024,76000,Valle Del Cauca,76895,Zarzal,OTROS,0.0
2023_2024,76000,Valle Del Cauca,76895,Zarzal,RECAUDO CORRIENTE NO AFORADO,0.0
