Cód. DANE Departamento,Nombre DANE Departamento,CODIGO_ENTIDAD,NOMBRE_ENTIDAD,RUBRO,Año,Presupuesto Definitivo,Valor_25
88,"ARCHIPIÉLAGO DE SAN ANDRÉS, PROVIDENCIA Y SANTA CATALINA",88000,Catalina,IMPUESTO AL CONSUMO CERVEZA,2012,1647790000.0,3153523401.2966046
88,"ARCHIPIÉLAGO DE SAN ANDRÉS, PROVIDENCIA Y SANTA CATALINA",88000,Catalina,IMPUESTO AL CONSUMO CERVEZA,2013,1730179000.0,3248354095.7657123
88,"ARCHIPIÉLAGO DE SAN ANDRÉS, PROVIDENCIA Y SANTA CATALINA",88000,Catalina,IMPUESTO AL CONSUMO CERVEZA,2014,1816690000.0,3290424526.04826
88,"ARCHIPIÉLAGO DE SAN ANDRÉS, PROVIDENCIA Y SANTA CATALINA",88000,Catalina,IMPUESTO AL CONSUMO CERVEZA,2015,740000000.0,1255363398.069279
88,"ARCHIPIÉLAGO DE SAN ANDRÉS, PROVIDENCIA Y SANTA CATALINA",88000,Catalina,IMPUESTO AL CONSUMO CERVEZA,2016,777000000.0,1246498599.0763614
88,"ARCHIPIÉLAGO DE SAN ANDRÉS, PROVIDENCIA Y SANTA CATALINA",88000,Catalina,IMPUESTO AL CONSUMO CERVEZA,2017,819000000.0,1262227386.710689
88,"ARCHIPIÉLAGO DE SAN ANDRÉS, PROVIDENCIA Y SANTA CATALINA",88000,Catalina,IMPUESTO AL CONSUMO CERVEZA,2018,1040000000.0,1553461312.0000002
88,"ARCHIPIÉLAGO DE SAN ANDRÉS, PROVIDENCIA Y SANTA CATALINA",88000,Catalina,IMPUESTO AL CONSUMO CERVEZA,2019,1136000000.0,1634737707.8998072
88,"ARCHIPIÉLAGO DE SAN ANDRÉS, PROVIDENCIA Y SANTA CATALINA",88000,Catalina,IMPUESTO AL CONSUMO CERVEZA,2020,1490112000.0,2110162464.7645051
88,"ARCHIPIÉLAGO DE SAN ANDRÉS, PROVIDENCIA Y SANTA CATALINA",88000,Catalina,"IMPUESTO AL CONSUMO DE CERVEZAS, SIFONES, REFAJOS Y MEZCLAS",2021,599001000.0,803101571.5939323
88,"ARCHIPIÉLAGO DE SAN ANDRÉS, PROVIDENCIA Y SANTA CATALINA",88000,Catalina,"IMPUESTO AL CONSUMO DE CERVEZAS, SIFONES, REFAJOS Y MEZCLAS",2022,3199000000.0,3791468100.6109657
88,"ARCHIPIÉLAGO DE SAN ANDRÉS, PROVIDENCIA Y SANTA CATALINA",88000,Catalina,"IMPUESTO AL CONSUMO DE CERVEZAS, SIFONES, REFAJOS Y MEZCLAS",2023,700000000.0,759220853.9064771
88,"ARCHIPIÉLAGO DE SAN ANDRÉS, PROVIDENCIA Y SANTA CATALINA",88000,Catalina,"IMPUESTO AL CONSUMO DE CERVEZAS, SIFONES, REFAJOS Y MEZCLAS",2024,1175985463.0,1212441012.3530002
88,"ARCHIPIÉLAGO DE SAN ANDRÉS, PROVIDENCIA Y SANTA CATALINA",88000,Catalina,IMPUESTO AL CONSUMO DE CIGARRILLOS Y TABACO,2012,553130000.0,1058574453.6374118
88,"ARCHIPIÉLAGO DE SAN ANDRÉS, PROVIDENCIA Y SANTA CATALINA",88000,Catalina,IMPUESTO AL CONSUMO DE CIGARRILLOS Y TABACO,2013,851128000.0,1597964791.4007044
88,"ARCHIPIÉLAGO DE SAN ANDRÉS, PROVIDENCIA Y SANTA CATALINA",88000,Catalina,IMPUESTO AL CONSUMO DE CIGARRILLOS Y TABACO,2014,701317000.0,1270239092.7095916
88,"ARCHIPIÉLAGO DE SAN ANDRÉS, PROVIDENCIA Y SANTA CATALINA",88000,Catalina,IMPUESTO AL CONSUMO DE CIGARRILLOS Y TABACO,2015,874943000.0,1484285699.4553099
88,"ARCHIPIÉLAGO DE SAN ANDRÉS, PROVIDENCIA Y SANTA CATALINA",88000,Catalina,IMPUESTO AL CONSUMO DE CIGARRILLOS Y TABACO,2016,657767000.0,1055219619.0716357
88,"ARCHIPIÉLAGO DE SAN ANDRÉS, PROVIDENCIA Y SANTA CATALINA",88000,Catalina,IMPUESTO AL CONSUMO DE CIGARRILLOS Y TABACO,2017,889691576.0,1371175913.2515194
88,"ARCHIPIÉLAGO DE SAN ANDRÉS, PROVIDENCIA Y SANTA CATALINA",88000,Catalina,IMPUESTO AL CONSUMO DE CIGARRILLOS Y TABACO,2018,630901034.01,942384950.0339725
88,"ARCHIPIÉLAGO DE SAN ANDRÉS, PROVIDENCIA Y SANTA CATALINA",88000,Catalina,IMPUESTO AL CONSUMO DE CIGARRILLOS Y TABACO,2019,995139781.0,1432035673.0914228
88,"ARCHIPIÉLAGO DE SAN ANDRÉS, PROVIDENCIA Y SANTA CATALINA",88000,Catalina,IMPUESTO AL CONSUMO DE CIGARRILLOS Y TABACO,2020,1279971600.0,1812580548.4987488
88,"ARCHIPIÉLAGO DE SAN ANDRÉS, PROVIDENCIA Y SANTA CATALINA",88000,Catalina,IMPUESTO AL CONSUMO DE CIGARRILLOS Y TABACO,2021,569998000.0,764216236.042007
88,"ARCHIPIÉLAGO DE SAN ANDRÉS, PROVIDENCIA Y SANTA CATALINA",88000,Catalina,IMPUESTO AL CONSUMO DE CIGARRILLOS Y TABACO,2022,314900000.0,373220789.2723955
88,"ARCHIPIÉLAGO DE SAN ANDRÉS, PROVIDENCIA Y SANTA CATALINA",88000,Catalina,IMPUESTO AL CONSUMO DE CIGARRILLOS Y TABACO,2023,536000000.0,581346253.8483881
88,"ARCHIPIÉLAGO DE SAN ANDRÉS, PROVIDENCIA Y SANTA CATALINA",88000,Catalina,IMPUESTO AL CONSUMO DE CIGARRILLOS Y TABACO,2024,650121414.0,670275177.8340001
88,"ARCHIPIÉLAGO DE SAN ANDRÉS, PROVIDENCIA Y SANTA CATALINA",88000,Catalina,"IMPUESTO AL CONSUMO DE LICORES, VINOS, APERITIVOS Y SIMILARES",2012,240140000.0,459577439.8360025
88,"ARCHIPIÉLAGO DE SAN ANDRÉS, PROVIDENCIA Y SANTA CATALINA",88000,Catalina,"IMPUESTO AL CONSUMO DE LICORES, VINOS, APERITIVOS Y SIMILARES",2013,252147000.0,473397689.0165914
88,"ARCHIPIÉLAGO DE SAN ANDRÉS, PROVIDENCIA Y SANTA CATALINA",88000,Catalina,"IMPUESTO AL CONSUMO DE LICORES, VINOS, APERITIVOS Y SIMILARES",2014,264750000.0,479520387.7773737
88,"ARCHIPIÉLAGO DE SAN ANDRÉS, PROVIDENCIA Y SANTA CATALINA",88000,Catalina,"IMPUESTO AL CONSUMO DE LICORES, VINOS, APERITIVOS Y SIMILARES",2015,455553000.0,772816975.784668
88,"ARCHIPIÉLAGO DE SAN ANDRÉS, PROVIDENCIA Y SANTA CATALINA",88000,Catalina,"IMPUESTO AL CONSUMO DE LICORES, VINOS, APERITIVOS Y SIMILARES",2016,454650000.0,729370126.2163033
88,"ARCHIPIÉLAGO DE SAN ANDRÉS, PROVIDENCIA Y SANTA CATALINA",88000,Catalina,"IMPUESTO AL CONSUMO DE LICORES, VINOS, APERITIVOS Y SIMILARES",2017,390000000.0,601060660.3384234
88,"ARCHIPIÉLAGO DE SAN ANDRÉS, PROVIDENCIA Y SANTA CATALINA",88000,Catalina,"IMPUESTO AL CONSUMO DE LICORES, VINOS, APERITIVOS Y SIMILARES",2018,332537725.0,496715856.3153801
88,"ARCHIPIÉLAGO DE SAN ANDRÉS, PROVIDENCIA Y SANTA CATALINA",88000,Catalina,"IMPUESTO AL CONSUMO DE LICORES, VINOS, APERITIVOS Y SIMILARES",2019,329713114.0,474466954.44090486
88,"ARCHIPIÉLAGO DE SAN ANDRÉS, PROVIDENCIA Y SANTA CATALINA",88000,Catalina,"IMPUESTO AL CONSUMO DE LICORES, VINOS, APERITIVOS Y SIMILARES",2020,406935000.0,576264712.0477816
88,"ARCHIPIÉLAGO DE SAN ANDRÉS, PROVIDENCIA Y SANTA CATALINA",88000,Catalina,"IMPUESTO AL CONSUMO DE LICORES, VINOS, APERITIVOS Y SIMILARES",2021,64001000.0,85808377.08715555
88,"ARCHIPIÉLAGO DE SAN ANDRÉS, PROVIDENCIA Y SANTA CATALINA",88000,Catalina,"IMPUESTO AL CONSUMO DE LICORES, VINOS, APERITIVOS Y SIMILARES",2022,188000000.0,222818381.6551615
88,"ARCHIPIÉLAGO DE SAN ANDRÉS, PROVIDENCIA Y SANTA CATALINA",88000,Catalina,"IMPUESTO AL CONSUMO DE LICORES, VINOS, APERITIVOS Y SIMILARES",2023,93000000.0,100867913.44757481
88,"ARCHIPIÉLAGO DE SAN ANDRÉS, PROVIDENCIA Y SANTA CATALINA",88000,Catalina,"IMPUESTO AL CONSUMO DE LICORES, VINOS, APERITIVOS Y SIMILARES",2024,96000000.0,98976000.00000001
88,"ARCHIPIÉLAGO DE SAN ANDRÉS, PROVIDENCIA Y SANTA CATALINA",88000,Catalina,IMPUESTO DE INDUSTRIA Y COMERCIO,2012,2577230000.0,4932276027.6028185
88,"ARCHIPIÉLAGO DE SAN ANDRÉS, PROVIDENCIA Y SANTA CATALINA",88000,Catalina,IMPUESTO DE INDUSTRIA Y COMERCIO,2013,3500000000.0,6571134741.07592
88,"ARCHIPIÉLAGO DE SAN ANDRÉS, PROVIDENCIA Y SANTA CATALINA",88000,Catalina,IMPUESTO DE INDUSTRIA Y COMERCIO,2014,4000000000.0,7244878380.016976
88,"ARCHIPIÉLAGO DE SAN ANDRÉS, PROVIDENCIA Y SANTA CATALINA",88000,Catalina,IMPUESTO DE INDUSTRIA Y COMERCIO,2015,5500000000.0,9330403634.298697
88,"ARCHIPIÉLAGO DE SAN ANDRÉS, PROVIDENCIA Y SANTA CATALINA",88000,Catalina,IMPUESTO DE INDUSTRIA Y COMERCIO,2016,6000090000.0,9625616189.616583
88,"ARCHIPIÉLAGO DE SAN ANDRÉS, PROVIDENCIA Y SANTA CATALINA",88000,Catalina,IMPUESTO DE INDUSTRIA Y COMERCIO,2017,8865000000.0,13662571163.84647
88,"ARCHIPIÉLAGO DE SAN ANDRÉS, PROVIDENCIA Y SANTA CATALINA",88000,Catalina,IMPUESTO DE INDUSTRIA Y COMERCIO,2018,12046000000.0,17993264388.800003
88,"ARCHIPIÉLAGO DE SAN ANDRÉS, PROVIDENCIA Y SANTA CATALINA",88000,Catalina,IMPUESTO DE INDUSTRIA Y COMERCIO,2019,9000000000.0,12951267052.02312
88,"ARCHIPIÉLAGO DE SAN ANDRÉS, PROVIDENCIA Y SANTA CATALINA",88000,Catalina,IMPUESTO DE INDUSTRIA Y COMERCIO,2020,12981518000.0,18383257110.381496
88,"ARCHIPIÉLAGO DE SAN ANDRÉS, PROVIDENCIA Y SANTA CATALINA",88000,Catalina,IMPUESTO DE INDUSTRIA Y COMERCIO,2021,9018383000.0,12091261217.48712
88,"ARCHIPIÉLAGO DE SAN ANDRÉS, PROVIDENCIA Y SANTA CATALINA",88000,Catalina,IMPUESTO DE INDUSTRIA Y COMERCIO,2022,16606990261.0,19682673904.88855
88,"ARCHIPIÉLAGO DE SAN ANDRÉS, PROVIDENCIA Y SANTA CATALINA",88000,Catalina,IMPUESTO DE INDUSTRIA Y COMERCIO,2023,13000000000.0,14099815858.263145
88,"ARCHIPIÉLAGO DE SAN ANDRÉS, PROVIDENCIA Y SANTA CATALINA",88000,Catalina,IMPUESTO DE INDUSTRIA Y COMERCIO,2024,12000000000.0,12372000000.000002
88,"ARCHIPIÉLAGO DE SAN ANDRÉS, PROVIDENCIA Y SANTA CATALINA",88000,Catalina,IMPUESTO DE LOTERIAS FORANEAS,2021,1085869633.0,1455863360.5092921
88,"ARCHIPIÉLAGO DE SAN ANDRÉS, PROVIDENCIA Y SANTA CATALINA",88000,Catalina,IMPUESTO DE LOTERIAS FORANEAS,2024,104192000.0,107421952.00000001
88,"ARCHIPIÉLAGO DE SAN ANDRÉS, PROVIDENCIA Y SANTA CATALINA",88000,Catalina,IMPUESTO DE LOTERÍAS FORÁNEAS,2013,180000000.0,337944072.39819014
88,"ARCHIPIÉLAGO DE SAN ANDRÉS, PROVIDENCIA Y SANTA CATALINA",88000,Catalina,IMPUESTO DE LOTERÍAS FORÁNEAS,2019,139932194.0,201366579.29661193
88,"ARCHIPIÉLAGO DE SAN ANDRÉS, PROVIDENCIA Y SANTA CATALINA",88000,Catalina,IMPUESTO DE LOTERÍAS FORÁNEAS,2020,240002000.0,339869225.8490709
88,"ARCHIPIÉLAGO DE SAN ANDRÉS, PROVIDENCIA Y SANTA CATALINA",88000,Catalina,IMPUESTO DE REGISTRO,2012,687769000.0,1316245174.5588725
88,"ARCHIPIÉLAGO DE SAN ANDRÉS, PROVIDENCIA Y SANTA CATALINA",88000,Catalina,IMPUESTO DE REGISTRO,2013,601797000.0,1129854049.6500757
88,"ARCHIPIÉLAGO DE SAN ANDRÉS, PROVIDENCIA Y SANTA CATALINA",88000,Catalina,IMPUESTO DE REGISTRO,2014,631890000.0,1144491549.8872318
88,"ARCHIPIÉLAGO DE SAN ANDRÉS, PROVIDENCIA Y SANTA CATALINA",88000,Catalina,IMPUESTO DE REGISTRO,2015,705000000.0,1195988102.2146509
88,"ARCHIPIÉLAGO DE SAN ANDRÉS, PROVIDENCIA Y SANTA CATALINA",88000,Catalina,IMPUESTO DE REGISTRO,2016,740250000.0,1187542584.2551823
88,"ARCHIPIÉLAGO DE SAN ANDRÉS, PROVIDENCIA Y SANTA CATALINA",88000,Catalina,IMPUESTO DE REGISTRO,2017,701000000.0,1080368007.4288073
88,"ARCHIPIÉLAGO DE SAN ANDRÉS, PROVIDENCIA Y SANTA CATALINA",88000,Catalina,IMPUESTO DE REGISTRO,2018,92429000.0,138062380.39120004
88,"ARCHIPIÉLAGO DE SAN ANDRÉS, PROVIDENCIA Y SANTA CATALINA",88000,Catalina,IMPUESTO DE REGISTRO,2019,664000000.0,955515702.504817
88,"ARCHIPIÉLAGO DE SAN ANDRÉS, PROVIDENCIA Y SANTA CATALINA",88000,Catalina,IMPUESTO DE REGISTRO,2020,788428000.0,1116500754.1509292
88,"ARCHIPIÉLAGO DE SAN ANDRÉS, PROVIDENCIA Y SANTA CATALINA",88000,Catalina,IMPUESTO DE REGISTRO,2021,789000000.0,1057839870.0296203
88,"ARCHIPIÉLAGO DE SAN ANDRÉS, PROVIDENCIA Y SANTA CATALINA",88000,Catalina,IMPUESTO DE REGISTRO,2022,1034000000.0,1225501099.103388
88,"ARCHIPIÉLAGO DE SAN ANDRÉS, PROVIDENCIA Y SANTA CATALINA",88000,Catalina,IMPUESTO DE REGISTRO,2023,1090000000.0,1182215329.6543715
88,"ARCHIPIÉLAGO DE SAN ANDRÉS, PROVIDENCIA Y SANTA CATALINA",88000,Catalina,IMPUESTO DE REGISTRO,2024,1120000000.0,1154720000.0000002
88,"ARCHIPIÉLAGO DE SAN ANDRÉS, PROVIDENCIA Y SANTA CATALINA",88000,Catalina,IMPUESTO PREDIAL UNIFICADO,2012,6467340000.0,12377128174.185778
88,"ARCHIPIÉLAGO DE SAN ANDRÉS, PROVIDENCIA Y SANTA CATALINA",88000,Catalina,IMPUESTO PREDIAL UNIFICADO,2013,6790707000.0,12749328766.904982
88,"ARCHIPIÉLAGO DE SAN ANDRÉS, PROVIDENCIA Y SANTA CATALINA",88000,Catalina,IMPUESTO PREDIAL UNIFICADO,2014,7130240000.0,12914430405.083061
88,"ARCHIPIÉLAGO DE SAN ANDRÉS, PROVIDENCIA Y SANTA CATALINA",88000,Catalina,IMPUESTO PREDIAL UNIFICADO,2015,33154690000.0,56244843649.09939
88,"ARCHIPIÉLAGO DE SAN ANDRÉS, PROVIDENCIA Y SANTA CATALINA",88000,Catalina,IMPUESTO PREDIAL UNIFICADO,2016,7861000000.0,12610972313.177963
88,"ARCHIPIÉLAGO DE SAN ANDRÉS, PROVIDENCIA Y SANTA CATALINA",88000,Catalina,IMPUESTO PREDIAL UNIFICADO,2017,8161000000.0,12577579612.876598
88,"ARCHIPIÉLAGO DE SAN ANDRÉS, PROVIDENCIA Y SANTA CATALINA",88000,Catalina,IMPUESTO PREDIAL UNIFICADO,2018,8061000000.0,12040818880.800003
88,"ARCHIPIÉLAGO DE SAN ANDRÉS, PROVIDENCIA Y SANTA CATALINA",88000,Catalina,IMPUESTO PREDIAL UNIFICADO,2019,8494000000.0,12223118037.764933
88,"ARCHIPIÉLAGO DE SAN ANDRÉS, PROVIDENCIA Y SANTA CATALINA",88000,Catalina,IMPUESTO PREDIAL UNIFICADO,2020,10595156000.0,15003906081.90823
88,"ARCHIPIÉLAGO DE SAN ANDRÉS, PROVIDENCIA Y SANTA CATALINA",88000,Catalina,IMPUESTO PREDIAL UNIFICADO,2021,7174850000.0,9619572105.807379
88,"ARCHIPIÉLAGO DE SAN ANDRÉS, PROVIDENCIA Y SANTA CATALINA",88000,Catalina,IMPUESTO PREDIAL UNIFICADO,2022,12283000000.0,14557862669.523132
88,"ARCHIPIÉLAGO DE SAN ANDRÉS, PROVIDENCIA Y SANTA CATALINA",88000,Catalina,IMPUESTO PREDIAL UNIFICADO,2023,13000000000.0,14099815858.263145
88,"ARCHIPIÉLAGO DE SAN ANDRÉS, PROVIDENCIA Y SANTA CATALINA",88000,Catalina,IMPUESTO PREDIAL UNIFICADO,2024,11000000000.0,11341000000.000002
88,"ARCHIPIÉLAGO DE SAN ANDRÉS, PROVIDENCIA Y SANTA CATALINA",88000,Catalina,IMPUESTO SOBRE VEHICULOS AUTOMOTORES,2021,149000000.0,199769506.50749484
88,"ARCHIPIÉLAGO DE SAN ANDRÉS, PROVIDENCIA Y SANTA CATALINA",88000,Catalina,IMPUESTO SOBRE VEHICULOS AUTOMOTORES,2022,499000000.0,591416874.7123702
88,"ARCHIPIÉLAGO DE SAN ANDRÉS, PROVIDENCIA Y SANTA CATALINA",88000,Catalina,IMPUESTO SOBRE VEHICULOS AUTOMOTORES,2023,350000000.0,379610426.95323855
88,"ARCHIPIÉLAGO DE SAN ANDRÉS, PROVIDENCIA Y SANTA CATALINA",88000,Catalina,IMPUESTO SOBRE VEHICULOS AUTOMOTORES,2024,360000000.0,371160000.00000006
88,"ARCHIPIÉLAGO DE SAN ANDRÉS, PROVIDENCIA Y SANTA CATALINA",88000,Catalina,OTRAS TRANSFERENCIAS,2012,53451175000.0,102294304000.69186
88,"ARCHIPIÉLAGO DE SAN ANDRÉS, PROVIDENCIA Y SANTA CATALINA",88000,Catalina,OTRAS TRANSFERENCIAS,2013,54325871000.0,101995033790.65967
88,"ARCHIPIÉLAGO DE SAN ANDRÉS, PROVIDENCIA Y SANTA CATALINA",88000,Catalina,OTRAS TRANSFERENCIAS,2014,53795598000.0,97435641222.57112
88,"ARCHIPIÉLAGO DE SAN ANDRÉS, PROVIDENCIA Y SANTA CATALINA",88000,Catalina,OTRAS TRANSFERENCIAS,2015,60870276000.0,103262589892.93903
88,"ARCHIPIÉLAGO DE SAN ANDRÉS, PROVIDENCIA Y SANTA CATALINA",88000,Catalina,OTRAS TRANSFERENCIAS,2016,86370566000.0,138559574672.3712
88,"ARCHIPIÉLAGO DE SAN ANDRÉS, PROVIDENCIA Y SANTA CATALINA",88000,Catalina,OTRAS TRANSFERENCIAS,2017,94654466124.65,145879681827.854
88,"ARCHIPIÉLAGO DE SAN ANDRÉS, PROVIDENCIA Y SANTA CATALINA",88000,Catalina,OTRAS TRANSFERENCIAS,2018,83607776606.5,124886006096.66965
88,"ARCHIPIÉLAGO DE SAN ANDRÉS, PROVIDENCIA Y SANTA CATALINA",88000,Catalina,OTRAS TRANSFERENCIAS,2019,104553905068.0,150456171763.06018
88,"ARCHIPIÉLAGO DE SAN ANDRÉS, PROVIDENCIA Y SANTA CATALINA",88000,Catalina,OTRAS TRANSFERENCIAS,2020,107264607881.0,151898481018.98993
88,"ARCHIPIÉLAGO DE SAN ANDRÉS, PROVIDENCIA Y SANTA CATALINA",88000,Catalina,OTRAS TRANSFERENCIAS,2021,107007979127.0,143469336795.73892
88,"ARCHIPIÉLAGO DE SAN ANDRÉS, PROVIDENCIA Y SANTA CATALINA",88000,Catalina,OTRAS TRANSFERENCIAS,2022,160308967170.0,189998854412.92453
88,"ARCHIPIÉLAGO DE SAN ANDRÉS, PROVIDENCIA Y SANTA CATALINA",88000,Catalina,OTRAS TRANSFERENCIAS,2023,170024469289.0,184408746797.98596
88,"ARCHIPIÉLAGO DE SAN ANDRÉS, PROVIDENCIA Y SANTA CATALINA",88000,Catalina,OTRAS TRANSFERENCIAS,2024,207371348400.0,213799860200.40002
88,"ARCHIPIÉLAGO DE SAN ANDRÉS, PROVIDENCIA Y SANTA CATALINA",88000,Catalina,OTROS INGRESOS NO TRIBUTARIOS,2012,20974943000.0,40141628236.22089
88,"ARCHIPIÉLAGO DE SAN ANDRÉS, PROVIDENCIA Y SANTA CATALINA",88000,Catalina,OTROS INGRESOS NO TRIBUTARIOS,2013,25963572000.0,48745751420.46457
88,"ARCHIPIÉLAGO DE SAN ANDRÉS, PROVIDENCIA Y SANTA CATALINA",88000,Catalina,OTROS INGRESOS NO TRIBUTARIOS,2014,28454265000.0,51536922329.443436
88,"ARCHIPIÉLAGO DE SAN ANDRÉS, PROVIDENCIA Y SANTA CATALINA",88000,Catalina,OTROS INGRESOS NO TRIBUTARIOS,2015,36146487000.0,61320238849.44192
88,"ARCHIPIÉLAGO DE SAN ANDRÉS, PROVIDENCIA Y SANTA CATALINA",88000,Catalina,OTROS INGRESOS NO TRIBUTARIOS,2016,58039990000.0,93110381242.47879
88,"ARCHIPIÉLAGO DE SAN ANDRÉS, PROVIDENCIA Y SANTA CATALINA",88000,Catalina,OTROS INGRESOS NO TRIBUTARIOS,2017,105273286270.0,162245207593.44125
88,"ARCHIPIÉLAGO DE SAN ANDRÉS, PROVIDENCIA Y SANTA CATALINA",88000,Catalina,OTROS INGRESOS NO TRIBUTARIOS,2018,101370159384.03,151417904609.96576
88,"ARCHIPIÉLAGO DE SAN ANDRÉS, PROVIDENCIA Y SANTA CATALINA",88000,Catalina,OTROS INGRESOS NO TRIBUTARIOS,2019,106179669127.0,152795694484.35907
88,"ARCHIPIÉLAGO DE SAN ANDRÉS, PROVIDENCIA Y SANTA CATALINA",88000,Catalina,OTROS INGRESOS NO TRIBUTARIOS,2020,63318874116.0,89666489143.58919
88,"ARCHIPIÉLAGO DE SAN ANDRÉS, PROVIDENCIA Y SANTA CATALINA",88000,Catalina,OTROS INGRESOS NO TRIBUTARIOS,2021,88912600000.0,119208229693.27707
88,"ARCHIPIÉLAGO DE SAN ANDRÉS, PROVIDENCIA Y SANTA CATALINA",88000,Catalina,OTROS INGRESOS NO TRIBUTARIOS,2022,150656969833.0,178559267038.6146
88,"ARCHIPIÉLAGO DE SAN ANDRÉS, PROVIDENCIA Y SANTA CATALINA",88000,Catalina,OTROS INGRESOS NO TRIBUTARIOS,2023,167677500000.0,181863221044.14758
88,"ARCHIPIÉLAGO DE SAN ANDRÉS, PROVIDENCIA Y SANTA CATALINA",88000,Catalina,OTROS INGRESOS NO TRIBUTARIOS,2024,110527745300.0,113954105404.30002
88,"ARCHIPIÉLAGO DE SAN ANDRÉS, PROVIDENCIA Y SANTA CATALINA",88000,Catalina,OTROS INGRESOS TRIBUTARIOS,2012,14529420000.0,27806253210.21909
88,"ARCHIPIÉLAGO DE SAN ANDRÉS, PROVIDENCIA Y SANTA CATALINA",88000,Catalina,OTROS INGRESOS TRIBUTARIOS,2013,18647659000.0,35010365684.182014
88,"ARCHIPIÉLAGO DE SAN ANDRÉS, PROVIDENCIA Y SANTA CATALINA",88000,Catalina,OTROS INGRESOS TRIBUTARIOS,2014,19719946000.0,35717152607.625565
88,"ARCHIPIÉLAGO DE SAN ANDRÉS, PROVIDENCIA Y SANTA CATALINA",88000,Catalina,OTROS INGRESOS TRIBUTARIOS,2015,25726453000.0,43643307376.14811
88,"ARCHIPIÉLAGO DE SAN ANDRÉS, PROVIDENCIA Y SANTA CATALINA",88000,Catalina,OTROS INGRESOS TRIBUTARIOS,2016,29193203000.0,46833058741.37945
88,"ARCHIPIÉLAGO DE SAN ANDRÉS, PROVIDENCIA Y SANTA CATALINA",88000,Catalina,OTROS INGRESOS TRIBUTARIOS,2017,28351200000.0,43694335880.478745
88,"ARCHIPIÉLAGO DE SAN ANDRÉS, PROVIDENCIA Y SANTA CATALINA",88000,Catalina,OTROS INGRESOS TRIBUTARIOS,2018,24937110861.0,37248881688.09473
88,"ARCHIPIÉLAGO DE SAN ANDRÉS, PROVIDENCIA Y SANTA CATALINA",88000,Catalina,OTROS INGRESOS TRIBUTARIOS,2019,29353712080.0,42240862679.58634
88,"ARCHIPIÉLAGO DE SAN ANDRÉS, PROVIDENCIA Y SANTA CATALINA",88000,Catalina,OTROS INGRESOS TRIBUTARIOS,2020,36597059000.0,51825460249.00948
88,"ARCHIPIÉLAGO DE SAN ANDRÉS, PROVIDENCIA Y SANTA CATALINA",88000,Catalina,OTROS INGRESOS TRIBUTARIOS,2021,22456851000.0,30108684845.519073
88,"ARCHIPIÉLAGO DE SAN ANDRÉS, PROVIDENCIA Y SANTA CATALINA",88000,Catalina,OTROS INGRESOS TRIBUTARIOS,2022,42446950000.0,50308301623.39126
88,"ARCHIPIÉLAGO DE SAN ANDRÉS, PROVIDENCIA Y SANTA CATALINA",88000,Catalina,OTROS INGRESOS TRIBUTARIOS,2023,32541000000.0,35294008295.672386
88,"ARCHIPIÉLAGO DE SAN ANDRÉS, PROVIDENCIA Y SANTA CATALINA",88000,Catalina,OTROS INGRESOS TRIBUTARIOS,2024,34603550421.0,35676260484.051
88,"ARCHIPIÉLAGO DE SAN ANDRÉS, PROVIDENCIA Y SANTA CATALINA",88000,Catalina,RECURSOS DE CAPITAL,2012,98036551000.0,187621333884.11633
88,"ARCHIPIÉLAGO DE SAN ANDRÉS, PROVIDENCIA Y SANTA CATALINA",88000,Catalina,RECURSOS DE CAPITAL,2013,139923080000.0,262700974876.09863
88,"ARCHIPIÉLAGO DE SAN ANDRÉS, PROVIDENCIA Y SANTA CATALINA",88000,Catalina,RECURSOS DE CAPITAL,2014,114499746000.0,207384183578.20883
88,"ARCHIPIÉLAGO DE SAN ANDRÉS, PROVIDENCIA Y SANTA CATALINA",88000,Catalina,RECURSOS DE CAPITAL,2015,154799271000.0,262607214677.30704
88,"ARCHIPIÉLAGO DE SAN ANDRÉS, PROVIDENCIA Y SANTA CATALINA",88000,Catalina,RECURSOS DE CAPITAL,2016,166507201000.0,267118394829.63464
88,"ARCHIPIÉLAGO DE SAN ANDRÉS, PROVIDENCIA Y SANTA CATALINA",88000,Catalina,RECURSOS DE CAPITAL,2017,176095590302.44,271395209717.61295
88,"ARCHIPIÉLAGO DE SAN ANDRÉS, PROVIDENCIA Y SANTA CATALINA",88000,Catalina,RECURSOS DE CAPITAL,2018,116783002234.55,174440265260.17596
88,"ARCHIPIÉLAGO DE SAN ANDRÉS, PROVIDENCIA Y SANTA CATALINA",88000,Catalina,RECURSOS DE CAPITAL,2019,199170846342.0,286612757772.5227
88,"ARCHIPIÉLAGO DE SAN ANDRÉS, PROVIDENCIA Y SANTA CATALINA",88000,Catalina,RECURSOS DE CAPITAL,2020,256846075284.0,363722288852.36487
88,"ARCHIPIÉLAGO DE SAN ANDRÉS, PROVIDENCIA Y SANTA CATALINA",88000,Catalina,RECURSOS DE CAPITAL,2021,282381827672.0,378599183628.99255
88,"ARCHIPIÉLAGO DE SAN ANDRÉS, PROVIDENCIA Y SANTA CATALINA",88000,Catalina,RECURSOS DE CAPITAL,2022,298363314851.0,353621441278.55975
88,"ARCHIPIÉLAGO DE SAN ANDRÉS, PROVIDENCIA Y SANTA CATALINA",88000,Catalina,RECURSOS DE CAPITAL,2023,120096370924.0,130256670405.69754
88,"ARCHIPIÉLAGO DE SAN ANDRÉS, PROVIDENCIA Y SANTA CATALINA",88000,Catalina,RECURSOS DE CAPITAL,2024,259425691488.0,267467887924.12805
88,"ARCHIPIÉLAGO DE SAN ANDRÉS, PROVIDENCIA Y SANTA CATALINA",88000,Catalina,SGP,2012,36454344000.0,69765945225.37245
88,"ARCHIPIÉLAGO DE SAN ANDRÉS, PROVIDENCIA Y SANTA CATALINA",88000,Catalina,SGP,2013,40046559000.0,75186095744.41328
88,"ARCHIPIÉLAGO DE SAN ANDRÉS, PROVIDENCIA Y SANTA CATALINA",88000,Catalina,SGP,2014,37823707000.0,68507039274.0992
88,"ARCHIPIÉLAGO DE SAN ANDRÉS, PROVIDENCIA Y SANTA CATALINA",88000,Catalina,SGP,2015,37771252000.0,64076550351.42034
88,"ARCHIPIÉLAGO DE SAN ANDRÉS, PROVIDENCIA Y SANTA CATALINA",88000,Catalina,SGP,2016,41638595000.0,66798520379.67566
88,"ARCHIPIÉLAGO DE SAN ANDRÉS, PROVIDENCIA Y SANTA CATALINA",88000,Catalina,SGP,2017,46575551172.0,71781362930.94449
88,"ARCHIPIÉLAGO DE SAN ANDRÉS, PROVIDENCIA Y SANTA CATALINA",88000,Catalina,SGP,2018,47023916402.0,70240225835.79735
88,"ARCHIPIÉLAGO DE SAN ANDRÉS, PROVIDENCIA Y SANTA CATALINA",88000,Catalina,SGP,2019,52332989671.0,75308724984.43207
88,"ARCHIPIÉLAGO DE SAN ANDRÉS, PROVIDENCIA Y SANTA CATALINA",88000,Catalina,SGP,2020,56183912821.0,79562599293.52657
88,"ARCHIPIÉLAGO DE SAN ANDRÉS, PROVIDENCIA Y SANTA CATALINA",88000,Catalina,SGP,2021,58514150052.0,78451965634.856
88,"ARCHIPIÉLAGO DE SAN ANDRÉS, PROVIDENCIA Y SANTA CATALINA",88000,Catalina,SGP,2022,57895036802.0,68617438330.25349
88,"ARCHIPIÉLAGO DE SAN ANDRÉS, PROVIDENCIA Y SANTA CATALINA",88000,Catalina,SGP,2023,62614674348.0,67911952179.37792
88,"ARCHIPIÉLAGO DE SAN ANDRÉS, PROVIDENCIA Y SANTA CATALINA",88000,Catalina,SGP,2024,80140344894.0,82624695585.71402
88,"ARCHIPIÉLAGO DE SAN ANDRÉS, PROVIDENCIA Y SANTA CATALINA",88000,Catalina,VEHÍCULOS AUTOMOTORES,2012,346270000.0,662687932.4228059
88,"ARCHIPIÉLAGO DE SAN ANDRÉS, PROVIDENCIA Y SANTA CATALINA",88000,Catalina,VEHÍCULOS AUTOMOTORES,2013,363583000.0,682615109.3041731
88,"ARCHIPIÉLAGO DE SAN ANDRÉS, PROVIDENCIA Y SANTA CATALINA",88000,Catalina,VEHÍCULOS AUTOMOTORES,2014,381770000.0,691469304.7847703
88,"ARCHIPIÉLAGO DE SAN ANDRÉS, PROVIDENCIA Y SANTA CATALINA",88000,Catalina,VEHÍCULOS AUTOMOTORES,2015,200000000.0,339287404.8835889
88,"ARCHIPIÉLAGO DE SAN ANDRÉS, PROVIDENCIA Y SANTA CATALINA",88000,Catalina,VEHÍCULOS AUTOMOTORES,2016,210000000.0,336891513.26388144
88,"ARCHIPIÉLAGO DE SAN ANDRÉS, PROVIDENCIA Y SANTA CATALINA",88000,Catalina,VEHÍCULOS AUTOMOTORES,2017,206000000.0,317483323.1531159
88,"ARCHIPIÉLAGO DE SAN ANDRÉS, PROVIDENCIA Y SANTA CATALINA",88000,Catalina,VEHÍCULOS AUTOMOTORES,2018,254110000.0,379567359.6080001
88,"ARCHIPIÉLAGO DE SAN ANDRÉS, PROVIDENCIA Y SANTA CATALINA",88000,Catalina,VEHÍCULOS AUTOMOTORES,2019,180000000.0,259025341.04046243
88,"ARCHIPIÉLAGO DE SAN ANDRÉS, PROVIDENCIA Y SANTA CATALINA",88000,Catalina,VEHÍCULOS AUTOMOTORES,2020,227810000.0,322604013.0527114
88,"ARCHIPIÉLAGO DE SAN ANDRÉS, PROVIDENCIA Y SANTA CATALINA",88564,Providencia,IMPUESTO DE INDUSTRIA Y COMERCIO,2012,106134000.0,203118147.74529147
88,"ARCHIPIÉLAGO DE SAN ANDRÉS, PROVIDENCIA Y SANTA CATALINA",88564,Providencia,IMPUESTO DE INDUSTRIA Y COMERCIO,2013,72478000.0,136075058.21820015
88,"ARCHIPIÉLAGO DE SAN ANDRÉS, PROVIDENCIA Y SANTA CATALINA",88564,Providencia,IMPUESTO DE INDUSTRIA Y COMERCIO,2014,261842000.0,474253361.1951013
88,"ARCHIPIÉLAGO DE SAN ANDRÉS, PROVIDENCIA Y SANTA CATALINA",88564,Providencia,IMPUESTO DE INDUSTRIA Y COMERCIO,2015,247541000.0,419937717.4614424
88,"ARCHIPIÉLAGO DE SAN ANDRÉS, PROVIDENCIA Y SANTA CATALINA",88564,Providencia,IMPUESTO DE INDUSTRIA Y COMERCIO,2016,259918000.0,416972230.2120073
88,"ARCHIPIÉLAGO DE SAN ANDRÉS, PROVIDENCIA Y SANTA CATALINA",88564,Providencia,IMPUESTO DE INDUSTRIA Y COMERCIO,2017,270315086.0,416604523.30922496
88,"ARCHIPIÉLAGO DE SAN ANDRÉS, PROVIDENCIA Y SANTA CATALINA",88564,Providencia,IMPUESTO DE INDUSTRIA Y COMERCIO,2018,309136372.0,461760955.8019617
88,"ARCHIPIÉLAGO DE SAN ANDRÉS, PROVIDENCIA Y SANTA CATALINA",88564,Providencia,IMPUESTO DE INDUSTRIA Y COMERCIO,2019,349136372.0,502417599.03849864
88,"ARCHIPIÉLAGO DE SAN ANDRÉS, PROVIDENCIA Y SANTA CATALINA",88564,Providencia,IMPUESTO DE INDUSTRIA Y COMERCIO,2020,259136372.0,366965600.874063
88,"ARCHIPIÉLAGO DE SAN ANDRÉS, PROVIDENCIA Y SANTA CATALINA",88564,Providencia,IMPUESTO DE INDUSTRIA Y COMERCIO,2021,232722501.0,312019189.1138253
88,"ARCHIPIÉLAGO DE SAN ANDRÉS, PROVIDENCIA Y SANTA CATALINA",88564,Providencia,IMPUESTO DE INDUSTRIA Y COMERCIO,2022,239704176.0,284098386.0228936
88,"ARCHIPIÉLAGO DE SAN ANDRÉS, PROVIDENCIA Y SANTA CATALINA",88564,Providencia,IMPUESTO DE INDUSTRIA Y COMERCIO,2023,2903923836.0,3149599334.9247036
88,"ARCHIPIÉLAGO DE SAN ANDRÉS, PROVIDENCIA Y SANTA CATALINA",88564,Providencia,IMPUESTO DE INDUSTRIA Y COMERCIO,2024,264249884.0,272441630.40400004
88,"ARCHIPIÉLAGO DE SAN ANDRÉS, PROVIDENCIA Y SANTA CATALINA",88564,Providencia,IMPUESTO PREDIAL UNIFICADO,2012,162916000.0,311786950.0638052
88,"ARCHIPIÉLAGO DE SAN ANDRÉS, PROVIDENCIA Y SANTA CATALINA",88564,Providencia,IMPUESTO PREDIAL UNIFICADO,2013,207545000.0,389658902.81045765
88,"ARCHIPIÉLAGO DE SAN ANDRÉS, PROVIDENCIA Y SANTA CATALINA",88564,Providencia,IMPUESTO PREDIAL UNIFICADO,2014,238312000.0,431635364.12465143
88,"ARCHIPIÉLAGO DE SAN ANDRÉS, PROVIDENCIA Y SANTA CATALINA",88564,Providencia,IMPUESTO PREDIAL UNIFICADO,2015,263392000.0,446827940.7354913
88,"ARCHIPIÉLAGO DE SAN ANDRÉS, PROVIDENCIA Y SANTA CATALINA",88564,Providencia,IMPUESTO PREDIAL UNIFICADO,2016,302901000.0,485927505.99591887
88,"ARCHIPIÉLAGO DE SAN ANDRÉS, PROVIDENCIA Y SANTA CATALINA",88564,Providencia,IMPUESTO PREDIAL UNIFICADO,2017,315017571.0,485499151.90632355
88,"ARCHIPIÉLAGO DE SAN ANDRÉS, PROVIDENCIA Y SANTA CATALINA",88564,Providencia,IMPUESTO PREDIAL UNIFICADO,2018,327618275.0,489367610.88142014
88,"ARCHIPIÉLAGO DE SAN ANDRÉS, PROVIDENCIA Y SANTA CATALINA",88564,Providencia,IMPUESTO PREDIAL UNIFICADO,2019,385433264.0,554649903.6441033
88,"ARCHIPIÉLAGO DE SAN ANDRÉS, PROVIDENCIA Y SANTA CATALINA",88564,Providencia,IMPUESTO PREDIAL UNIFICADO,2020,385433264.0,545815889.2515919
88,"ARCHIPIÉLAGO DE SAN ANDRÉS, PROVIDENCIA Y SANTA CATALINA",88564,Providencia,IMPUESTO PREDIAL UNIFICADO,2021,284864964.0,381928411.2721831
88,"ARCHIPIÉLAGO DE SAN ANDRÉS, PROVIDENCIA Y SANTA CATALINA",88564,Providencia,IMPUESTO PREDIAL UNIFICADO,2022,293410913.0,347751834.01395416
88,"ARCHIPIÉLAGO DE SAN ANDRÉS, PROVIDENCIA Y SANTA CATALINA",88564,Providencia,IMPUESTO PREDIAL UNIFICADO,2023,610597054.0,662254309.6152276
88,"ARCHIPIÉLAGO DE SAN ANDRÉS, PROVIDENCIA Y SANTA CATALINA",88564,Providencia,IMPUESTO PREDIAL UNIFICADO,2024,323456190.0,333483331.89000005
88,"ARCHIPIÉLAGO DE SAN ANDRÉS, PROVIDENCIA Y SANTA CATALINA",88564,Providencia,OTRAS TRANSFERENCIAS,2012,26327748000.0,50385770894.009476
88,"ARCHIPIÉLAGO DE SAN ANDRÉS, PROVIDENCIA Y SANTA CATALINA",88564,Providencia,OTRAS TRANSFERENCIAS,2013,22420322000.0,42093416228.65964
88,"ARCHIPIÉLAGO DE SAN ANDRÉS, PROVIDENCIA Y SANTA CATALINA",88564,Providencia,OTRAS TRANSFERENCIAS,2014,31391330000.0,56856592009.24458
88,"ARCHIPIÉLAGO DE SAN ANDRÉS, PROVIDENCIA Y SANTA CATALINA",88564,Providencia,OTRAS TRANSFERENCIAS,2015,27670938000.0,46942003723.57343
88,"ARCHIPIÉLAGO DE SAN ANDRÉS, PROVIDENCIA Y SANTA CATALINA",88564,Providencia,OTRAS TRANSFERENCIAS,2016,41235042000.0,66151122375.61766
88,"ARCHIPIÉLAGO DE SAN ANDRÉS, PROVIDENCIA Y SANTA CATALINA",88564,Providencia,OTRAS TRANSFERENCIAS,2017,39448735618.0,60797648923.25888
88,"ARCHIPIÉLAGO DE SAN ANDRÉS, PROVIDENCIA Y SANTA CATALINA",88564,Providencia,OTRAS TRANSFERENCIAS,2018,45035240895.0,67269715775.94497
88,"ARCHIPIÉLAGO DE SAN ANDRÉS, PROVIDENCIA Y SANTA CATALINA",88564,Providencia,OTRAS TRANSFERENCIAS,2019,62867733875.0,90468534485.62726
88,"ARCHIPIÉLAGO DE SAN ANDRÉS, PROVIDENCIA Y SANTA CATALINA",88564,Providencia,OTRAS TRANSFERENCIAS,2020,45036235357.0,63776262055.90015
88,"ARCHIPIÉLAGO DE SAN ANDRÉS, PROVIDENCIA Y SANTA CATALINA",88564,Providencia,OTRAS TRANSFERENCIAS,2021,41210648511.0,55252556482.52548
88,"ARCHIPIÉLAGO DE SAN ANDRÉS, PROVIDENCIA Y SANTA CATALINA",88564,Providencia,OTRAS TRANSFERENCIAS,2022,111507550700.0,132159212709.06845
88,"ARCHIPIÉLAGO DE SAN ANDRÉS, PROVIDENCIA Y SANTA CATALINA",88564,Providencia,OTRAS TRANSFERENCIAS,2023,86988314645.0,94347632178.08887
88,"ARCHIPIÉLAGO DE SAN ANDRÉS, PROVIDENCIA Y SANTA CATALINA",88564,Providencia,OTRAS TRANSFERENCIAS,2024,95365571957.0,98321904687.667
88,"ARCHIPIÉLAGO DE SAN ANDRÉS, PROVIDENCIA Y SANTA CATALINA",88564,Providencia,OTROS INGRESOS NO TRIBUTARIOS,2012,508751000.0,973642384.001025
88,"ARCHIPIÉLAGO DE SAN ANDRÉS, PROVIDENCIA Y SANTA CATALINA",88564,Providencia,OTROS INGRESOS NO TRIBUTARIOS,2013,711300000.0,1335442326.093515
88,"ARCHIPIÉLAGO DE SAN ANDRÉS, PROVIDENCIA Y SANTA CATALINA",88564,Providencia,OTROS INGRESOS NO TRIBUTARIOS,2014,1428932000.0,2588109638.3286047
88,"ARCHIPIÉLAGO DE SAN ANDRÉS, PROVIDENCIA Y SANTA CATALINA",88564,Providencia,OTROS INGRESOS NO TRIBUTARIOS,2015,1569880000.0,2663202555.893243
88,"ARCHIPIÉLAGO DE SAN ANDRÉS, PROVIDENCIA Y SANTA CATALINA",88564,Providencia,OTROS INGRESOS NO TRIBUTARIOS,2016,1412928000.0,2266683105.013855
88,"ARCHIPIÉLAGO DE SAN ANDRÉS, PROVIDENCIA Y SANTA CATALINA",88564,Providencia,OTROS INGRESOS NO TRIBUTARIOS,2017,1620981938.0,2498226856.540865
88,"ARCHIPIÉLAGO DE SAN ANDRÉS, PROVIDENCIA Y SANTA CATALINA",88564,Providencia,OTROS INGRESOS NO TRIBUTARIOS,2018,1847257127.0,2759271615.491126
88,"ARCHIPIÉLAGO DE SAN ANDRÉS, PROVIDENCIA Y SANTA CATALINA",88564,Providencia,OTROS INGRESOS NO TRIBUTARIOS,2019,2126406805.0,3059962488.0882506
88,"ARCHIPIÉLAGO DE SAN ANDRÉS, PROVIDENCIA Y SANTA CATALINA",88564,Providencia,OTROS INGRESOS NO TRIBUTARIOS,2020,1262383657.0,1787674087.0038962
88,"ARCHIPIÉLAGO DE SAN ANDRÉS, PROVIDENCIA Y SANTA CATALINA",88564,Providencia,OTROS INGRESOS NO TRIBUTARIOS,2021,1251744805.0,1678257999.7863784
88,"ARCHIPIÉLAGO DE SAN ANDRÉS, PROVIDENCIA Y SANTA CATALINA",88564,Providencia,OTROS INGRESOS NO TRIBUTARIOS,2022,752334572.0,891670062.7461095
88,"ARCHIPIÉLAGO DE SAN ANDRÉS, PROVIDENCIA Y SANTA CATALINA",88564,Providencia,OTROS INGRESOS NO TRIBUTARIOS,2023,9385174646.0,10179171869.71077
88,"ARCHIPIÉLAGO DE SAN ANDRÉS, PROVIDENCIA Y SANTA CATALINA",88564,Providencia,OTROS INGRESOS NO TRIBUTARIOS,2024,553499245.0,570657721.595
88,"ARCHIPIÉLAGO DE SAN ANDRÉS, PROVIDENCIA Y SANTA CATALINA",88564,Providencia,OTROS INGRESOS TRIBUTARIOS,2012,817553000.0,1564624446.8653426
88,"ARCHIPIÉLAGO DE SAN ANDRÉS, PROVIDENCIA Y SANTA CATALINA",88564,Providencia,OTROS INGRESOS TRIBUTARIOS,2013,1166224000.0,2189547154.9361496
88,"ARCHIPIÉLAGO DE SAN ANDRÉS, PROVIDENCIA Y SANTA CATALINA",88564,Providencia,OTROS INGRESOS TRIBUTARIOS,2014,2001127000.0,3624480434.492058
88,"ARCHIPIÉLAGO DE SAN ANDRÉS, PROVIDENCIA Y SANTA CATALINA",88564,Providencia,OTROS INGRESOS TRIBUTARIOS,2015,2754595000.0,4672996945.276548
88,"ARCHIPIÉLAGO DE SAN ANDRÉS, PROVIDENCIA Y SANTA CATALINA",88564,Providencia,OTROS INGRESOS TRIBUTARIOS,2016,2011168000.0,3226406814.03759
88,"ARCHIPIÉLAGO DE SAN ANDRÉS, PROVIDENCIA Y SANTA CATALINA",88564,Providencia,OTROS INGRESOS TRIBUTARIOS,2017,1547870737.0,2385549249.4865184
88,"ARCHIPIÉLAGO DE SAN ANDRÉS, PROVIDENCIA Y SANTA CATALINA",88564,Providencia,OTROS INGRESOS TRIBUTARIOS,2018,1422141232.0,2124270561.6461701
88,"ARCHIPIÉLAGO DE SAN ANDRÉS, PROVIDENCIA Y SANTA CATALINA",88564,Providencia,OTROS INGRESOS TRIBUTARIOS,2019,2264005323.0,3257970838.374985
88,"ARCHIPIÉLAGO DE SAN ANDRÉS, PROVIDENCIA Y SANTA CATALINA",88564,Providencia,OTROS INGRESOS TRIBUTARIOS,2020,2040410241.0,2889445292.219174
88,"ARCHIPIÉLAGO DE SAN ANDRÉS, PROVIDENCIA Y SANTA CATALINA",88564,Providencia,OTROS INGRESOS TRIBUTARIOS,2021,2578921548.0,3457650234.6678166
88,"ARCHIPIÉLAGO DE SAN ANDRÉS, PROVIDENCIA Y SANTA CATALINA",88564,Providencia,OTROS INGRESOS TRIBUTARIOS,2022,2119121663.0,2511591805.744971
88,"ARCHIPIÉLAGO DE SAN ANDRÉS, PROVIDENCIA Y SANTA CATALINA",88564,Providencia,OTROS INGRESOS TRIBUTARIOS,2023,3099417758.0,3361632281.202369
88,"ARCHIPIÉLAGO DE SAN ANDRÉS, PROVIDENCIA Y SANTA CATALINA",88564,Providencia,OTROS INGRESOS TRIBUTARIOS,2024,2950634409.0,3042104075.6790004
88,"ARCHIPIÉLAGO DE SAN ANDRÉS, PROVIDENCIA Y SANTA CATALINA",88564,Providencia,RECURSOS DE CAPITAL,2012,1385106000.0,2650801488.221396
88,"ARCHIPIÉLAGO DE SAN ANDRÉS, PROVIDENCIA Y SANTA CATALINA",88564,Providencia,RECURSOS DE CAPITAL,2013,13327574000.0,25022081293.045757
88,"ARCHIPIÉLAGO DE SAN ANDRÉS, PROVIDENCIA Y SANTA CATALINA",88564,Providencia,RECURSOS DE CAPITAL,2014,4557443000.0,8254530064.714928
88,"ARCHIPIÉLAGO DE SAN ANDRÉS, PROVIDENCIA Y SANTA CATALINA",88564,Providencia,RECURSOS DE CAPITAL,2015,1025544000.0,1739770811.7696767
88,"ARCHIPIÉLAGO DE SAN ANDRÉS, PROVIDENCIA Y SANTA CATALINA",88564,Providencia,RECURSOS DE CAPITAL,2016,2220959000.0,3562963040.0335093
88,"ARCHIPIÉLAGO DE SAN ANDRÉS, PROVIDENCIA Y SANTA CATALINA",88564,Providencia,RECURSOS DE CAPITAL,2017,17347475509.0,26735602781.138893
88,"ARCHIPIÉLAGO DE SAN ANDRÉS, PROVIDENCIA Y SANTA CATALINA",88564,Providencia,RECURSOS DE CAPITAL,2018,21366530499.0,31915460097.946693
88,"ARCHIPIÉLAGO DE SAN ANDRÉS, PROVIDENCIA Y SANTA CATALINA",88564,Providencia,RECURSOS DE CAPITAL,2019,15646441017.0,22515692891.655025
88,"ARCHIPIÉLAGO DE SAN ANDRÉS, PROVIDENCIA Y SANTA CATALINA",88564,Providencia,RECURSOS DE CAPITAL,2020,26214859991.0,37123124685.97325
88,"ARCHIPIÉLAGO DE SAN ANDRÉS, PROVIDENCIA Y SANTA CATALINA",88564,Providencia,RECURSOS DE CAPITAL,2021,13222090573.0,17727318850.775906
88,"ARCHIPIÉLAGO DE SAN ANDRÉS, PROVIDENCIA Y SANTA CATALINA",88564,Providencia,RECURSOS DE CAPITAL,2022,13689939536.0,16225373257.279428
88,"ARCHIPIÉLAGO DE SAN ANDRÉS, PROVIDENCIA Y SANTA CATALINA",88564,Providencia,RECURSOS DE CAPITAL,2023,273185383.0,296297199.6514685
88,"ARCHIPIÉLAGO DE SAN ANDRÉS, PROVIDENCIA Y SANTA CATALINA",88564,Providencia,RECURSOS DE CAPITAL,2024,15462062223.0,15941386151.913
88,"ARCHIPIÉLAGO DE SAN ANDRÉS, PROVIDENCIA Y SANTA CATALINA",88564,Providencia,SGP,2012,1952696000.0,3737049339.793465
88,"ARCHIPIÉLAGO DE SAN ANDRÉS, PROVIDENCIA Y SANTA CATALINA",88564,Providencia,SGP,2013,2259945000.0,4242972314.977377
88,"ARCHIPIÉLAGO DE SAN ANDRÉS, PROVIDENCIA Y SANTA CATALINA",88564,Providencia,SGP,2014,2218077000.0,4017424525.628229
88,"ARCHIPIÉLAGO DE SAN ANDRÉS, PROVIDENCIA Y SANTA CATALINA",88564,Providencia,SGP,2015,2262069000.0,3837457603.388076
88,"ARCHIPIÉLAGO DE SAN ANDRÉS, PROVIDENCIA Y SANTA CATALINA",88564,Providencia,SGP,2016,2116700000.0,3395706029.1698
88,"ARCHIPIÉLAGO DE SAN ANDRÉS, PROVIDENCIA Y SANTA CATALINA",88564,Providencia,SGP,2017,2929979735.0,4515629626.403331
88,"ARCHIPIÉLAGO DE SAN ANDRÉS, PROVIDENCIA Y SANTA CATALINA",88564,Providencia,SGP,2018,2362027846.0,3528191227.5266294
88,"ARCHIPIÉLAGO DE SAN ANDRÉS, PROVIDENCIA Y SANTA CATALINA",88564,Providencia,SGP,2019,2818127754.0,4055369458.752458
88,"ARCHIPIÉLAGO DE SAN ANDRÉS, PROVIDENCIA Y SANTA CATALINA",88564,Providencia,SGP,2020,2896250714.0,4101409521.720648
88,"ARCHIPIÉLAGO DE SAN ANDRÉS, PROVIDENCIA Y SANTA CATALINA",88564,Providencia,SGP,2021,3706430529.0,4969340924.044584
88,"ARCHIPIÉLAGO DE SAN ANDRÉS, PROVIDENCIA Y SANTA CATALINA",88564,Providencia,SGP,2022,3493202126.0,4140157683.562178
88,"ARCHIPIÉLAGO DE SAN ANDRÉS, PROVIDENCIA Y SANTA CATALINA",88564,Providencia,SGP,2023,6358300340.0,6896220305.040919
88,"ARCHIPIÉLAGO DE SAN ANDRÉS, PROVIDENCIA Y SANTA CATALINA",88564,Providencia,SGP,2024,4802434452.0,4951309920.012
